file	width	height	preset	q	m	zen_def_b	zen_strict_b	lib_b	def_butter	strict_butter	lib_butter	def_size_ratio	strict_size_ratio	def_butter_delta	strict_butter_delta
cid22/1001682.png	512	512	Default	25	0	17644	17644	26758	5.3606	5.3606	4.7511	0.6594	0.6594	+0.6095	+0.6095
cid22/1001682.png	512	512	Default	25	4	16236	16160	16152	4.8585	4.9382	5.1710	1.0052	1.0005	-0.3125	-0.2327
cid22/1001682.png	512	512	Default	25	6	14552	14624	15014	5.0410	4.8565	5.2723	0.9692	0.9740	-0.2313	-0.4158
cid22/1001682.png	512	512	Default	75	0	37994	37994	64672	2.7134	2.7134	2.6974	0.5875	0.5875	+0.0161	+0.0161
cid22/1001682.png	512	512	Default	75	4	35788	35342	35268	2.9925	2.6569	2.8538	1.0147	1.0021	+0.1388	-0.1969
cid22/1001682.png	512	512	Default	75	6	33488	33390	33576	2.7684	2.7862	2.8433	0.9974	0.9945	-0.0749	-0.0571
cid22/1001682.png	512	512	Default	90	0	69448	69448	98734	1.4423	1.4423	1.5605	0.7034	0.7034	-0.1182	-0.1182
cid22/1001682.png	512	512	Default	90	4	69658	69968	69496	1.5767	1.5829	1.4375	1.0023	1.0068	+0.1392	+0.1454
cid22/1001682.png	512	512	Default	90	6	67984	67762	68352	1.5679	1.5678	1.4237	0.9946	0.9914	+0.1441	+0.1441
cid22/1001682.png	512	512	Photo	25	0	16638	16638	25946	6.1831	6.1831	6.1510	0.6413	0.6413	+0.0321	+0.0321
cid22/1001682.png	512	512	Photo	25	4	15288	15288	15296	5.5477	5.6707	5.2757	0.9995	0.9995	+0.2720	+0.3950
cid22/1001682.png	512	512	Photo	25	6	13998	13802	14192	5.3346	5.4882	5.3491	0.9863	0.9725	-0.0145	+0.1392
cid22/1001682.png	512	512	Photo	75	0	37110	37110	60482	2.9303	2.9303	2.9035	0.6136	0.6136	+0.0267	+0.0267
cid22/1001682.png	512	512	Photo	75	4	34450	34544	34486	2.9879	2.9839	2.8868	0.9990	1.0017	+0.1010	+0.0970
cid22/1001682.png	512	512	Photo	75	6	32720	32730	32908	3.3671	3.0328	2.9042	0.9943	0.9946	+0.4628	+0.1286
cid22/1001682.png	512	512	Photo	90	0	69870	69870	99080	1.5827	1.5827	1.5605	0.7052	0.7052	+0.0222	+0.0222
cid22/1001682.png	512	512	Photo	90	4	69764	70232	69734	1.4665	1.5131	1.3957	1.0004	1.0071	+0.0708	+0.1174
cid22/1001682.png	512	512	Photo	90	6	67964	67866	68256	1.6550	1.6550	1.5854	0.9957	0.9943	+0.0696	+0.0696
cid22/1028637.png	512	512	Default	25	0	14578	14578	18064	5.8509	5.8509	6.0968	0.8070	0.8070	-0.2459	-0.2459
cid22/1028637.png	512	512	Default	25	4	12778	12708	12624	6.4049	6.7634	7.0450	1.0122	1.0067	-0.6401	-0.2815
cid22/1028637.png	512	512	Default	25	6	11872	11800	11800	6.7955	6.6491	6.6067	1.0061	1.0000	+0.1887	+0.0424
cid22/1028637.png	512	512	Default	75	0	26744	26744	31376	4.0760	4.0760	3.6299	0.8524	0.8524	+0.4461	+0.4461
cid22/1028637.png	512	512	Default	75	4	25036	25036	24934	4.4947	3.8322	4.1186	1.0041	1.0041	+0.3761	-0.2864
cid22/1028637.png	512	512	Default	75	6	23710	23712	23826	3.7390	3.9508	3.9523	0.9951	0.9952	-0.2133	-0.0015
cid22/1028637.png	512	512	Default	90	0	44440	44440	50078	3.2389	3.2389	3.2520	0.8874	0.8874	-0.0131	-0.0131
cid22/1028637.png	512	512	Default	90	4	44328	44164	43986	3.2835	3.5141	3.3823	1.0078	1.0040	-0.0988	+0.1317
cid22/1028637.png	512	512	Default	90	6	43496	43124	43232	3.3394	3.3251	3.1253	1.0061	0.9975	+0.2141	+0.1998
cid22/1028637.png	512	512	Photo	25	0	13710	13710	17776	7.0944	7.0944	7.3590	0.7713	0.7713	-0.2645	-0.2645
cid22/1028637.png	512	512	Photo	25	4	12002	11886	11810	6.0230	6.3309	6.2911	1.0163	1.0064	-0.2681	+0.0398
cid22/1028637.png	512	512	Photo	25	6	11224	11166	11104	7.0638	7.0543	6.5551	1.0108	1.0056	+0.5087	+0.4992
cid22/1028637.png	512	512	Photo	75	0	25632	25632	30838	3.9145	3.9145	3.7447	0.8312	0.8312	+0.1697	+0.1697
cid22/1028637.png	512	512	Photo	75	4	24016	24072	23952	4.4198	3.9681	4.2349	1.0027	1.0050	+0.1848	-0.2668
cid22/1028637.png	512	512	Photo	75	6	22670	22628	22780	4.2250	4.1651	4.2303	0.9952	0.9933	-0.0052	-0.0652
cid22/1028637.png	512	512	Photo	90	0	43626	43626	49974	3.4620	3.4620	3.2110	0.8730	0.8730	+0.2511	+0.2511
cid22/1028637.png	512	512	Photo	90	4	43180	43380	43162	3.3160	3.3857	3.1519	1.0004	1.0051	+0.1642	+0.2338
cid22/1028637.png	512	512	Photo	90	6	42002	41806	41894	3.1699	3.2700	3.1870	1.0026	0.9979	-0.0171	+0.0830
cid22/1029604.png	512	512	Default	25	0	22674	22674	25510	4.9098	4.9098	5.7798	0.8888	0.8888	-0.8700	-0.8700
cid22/1029604.png	512	512	Default	25	4	17618	17862	17908	5.5969	5.0459	4.8928	0.9838	0.9974	+0.7041	+0.1531
cid22/1029604.png	512	512	Default	25	6	16752	16984	17018	5.6759	5.0760	5.3299	0.9844	0.9980	+0.3459	-0.2540
cid22/1029604.png	512	512	Default	75	0	42482	42482	45402	2.8496	2.8496	2.9034	0.9357	0.9357	-0.0538	-0.0538
cid22/1029604.png	512	512	Default	75	4	37788	38118	38202	2.8201	2.4116	2.4180	0.9892	0.9978	+0.4021	-0.0064
cid22/1029604.png	512	512	Default	75	6	34998	35134	35528	2.6270	2.5370	2.6904	0.9851	0.9889	-0.0634	-0.1534
cid22/1029604.png	512	512	Default	90	0	79964	79964	80462	1.4116	1.4116	1.7922	0.9938	0.9938	-0.3806	-0.3806
cid22/1029604.png	512	512	Default	90	4	80152	79764	79438	1.2987	1.2994	1.2674	1.0090	1.0041	+0.0312	+0.0320
cid22/1029604.png	512	512	Default	90	6	74134	74568	75306	1.3661	1.3667	1.3532	0.9844	0.9902	+0.0129	+0.0135
cid22/1029604.png	512	512	Photo	25	0	22786	22786	26204	5.5010	5.5010	6.8237	0.8696	0.8696	-1.3227	-1.3227
cid22/1029604.png	512	512	Photo	25	4	18012	18036	17836	5.3932	5.0589	5.4093	1.0099	1.0112	-0.0162	-0.3504
cid22/1029604.png	512	512	Photo	25	6	16936	17036	16956	5.0990	5.4041	5.5202	0.9988	1.0047	-0.4212	-0.1161
cid22/1029604.png	512	512	Photo	75	0	42632	42632	46916	2.8352	2.8352	3.2522	0.9087	0.9087	-0.4169	-0.4169
cid22/1029604.png	512	512	Photo	75	4	39146	38478	38582	2.7088	2.8744	2.7080	1.0146	0.9973	+0.0007	+0.1664
cid22/1029604.png	512	512	Photo	75	6	35716	35340	35860	2.8962	2.7712	2.6958	0.9960	0.9855	+0.2004	+0.0754
cid22/1029604.png	512	512	Photo	90	0	81966	81966	86038	1.4409	1.4409	1.7137	0.9527	0.9527	-0.2727	-0.2727
cid22/1029604.png	512	512	Photo	90	4	82012	81926	81856	1.4346	1.2582	1.3101	1.0019	1.0009	+0.1245	-0.0520
cid22/1029604.png	512	512	Photo	90	6	78948	77170	78108	1.4083	1.4179	1.3645	1.0108	0.9880	+0.0438	+0.0534
cid22/106399.png	512	512	Default	25	0	17268	17268	19396	4.9469	4.9469	5.2175	0.8903	0.8903	-0.2706	-0.2706
cid22/106399.png	512	512	Default	25	4	11952	12038	12014	5.0795	5.3142	4.7363	0.9948	1.0020	+0.3432	+0.5779
cid22/106399.png	512	512	Default	25	6	11040	11112	11110	5.3166	5.2198	5.1533	0.9937	1.0002	+0.1633	+0.0665
cid22/106399.png	512	512	Default	75	0	29876	29876	36302	3.6838	3.6838	2.7206	0.8230	0.8230	+0.9632	+0.9632
cid22/106399.png	512	512	Default	75	4	23842	23810	23764	3.5769	3.5049	3.7720	1.0033	1.0019	-0.1951	-0.2671
cid22/106399.png	512	512	Default	75	6	22294	22394	22466	2.8975	2.9318	2.8844	0.9923	0.9968	+0.0131	+0.0473
cid22/106399.png	512	512	Default	90	0	47762	47762	69892	2.1223	2.1223	2.1994	0.6834	0.6834	-0.0771	-0.0771
cid22/106399.png	512	512	Default	90	4	47408	47552	47364	2.0014	2.1001	2.2611	1.0009	1.0040	-0.2597	-0.1610
cid22/106399.png	512	512	Default	90	6	45528	46294	46398	2.2170	2.0693	2.2569	0.9812	0.9978	-0.0399	-0.1876
cid22/106399.png	512	512	Photo	25	0	16508	16508	19642	5.6624	5.6624	5.6505	0.8404	0.8404	+0.0119	+0.0119
cid22/106399.png	512	512	Photo	25	4	11518	11570	11508	5.3685	5.1373	5.5073	1.0009	1.0054	-0.1388	-0.3700
cid22/106399.png	512	512	Photo	25	6	10600	10608	10642	5.7559	6.5374	5.0798	0.9961	0.9968	+0.6761	+1.4576
cid22/106399.png	512	512	Photo	75	0	29778	29778	37088	2.9390	2.9390	3.1581	0.8029	0.8029	-0.2190	-0.2190
cid22/106399.png	512	512	Photo	75	4	23578	23748	23660	2.9089	2.7617	3.0338	0.9965	1.0037	-0.1250	-0.2721
cid22/106399.png	512	512	Photo	75	6	22158	22406	22498	2.7974	2.7476	2.9980	0.9849	0.9959	-0.2007	-0.2504
cid22/106399.png	512	512	Photo	90	0	47894	47894	69726	2.2270	2.2270	2.2793	0.6869	0.6869	-0.0523	-0.0523
cid22/106399.png	512	512	Photo	90	4	47394	47826	47606	2.2133	2.3032	2.0491	0.9955	1.0046	+0.1643	+0.2541
cid22/106399.png	512	512	Photo	90	6	45432	45568	45698	2.1767	2.1494	2.2450	0.9942	0.9972	-0.0683	-0.0956
cid22/1080721.png	512	512	Default	25	0	14108	14108	15272	6.5263	6.5263	6.1151	0.9238	0.9238	+0.4113	+0.4113
cid22/1080721.png	512	512	Default	25	4	9832	9908	9930	5.4375	5.2230	5.7418	0.9901	0.9978	-0.3043	-0.5189
cid22/1080721.png	512	512	Default	25	6	9256	9310	9336	5.3083	5.0646	5.2065	0.9914	0.9972	+0.1018	-0.1419
cid22/1080721.png	512	512	Default	75	0	25716	25716	26058	3.3087	3.3087	3.0071	0.9869	0.9869	+0.3016	+0.3016
cid22/1080721.png	512	512	Default	75	4	18654	18878	18740	3.2217	3.1282	3.1853	0.9954	1.0074	+0.0364	-0.0571
cid22/1080721.png	512	512	Default	75	6	17490	17778	17796	3.2940	3.0731	2.9156	0.9828	0.9990	+0.3784	+0.1576
cid22/1080721.png	512	512	Default	90	0	37018	37018	38948	1.5534	1.5534	1.6666	0.9504	0.9504	-0.1133	-0.1133
cid22/1080721.png	512	512	Default	90	4	36122	36700	36426	1.8236	1.8231	1.7938	0.9917	1.0075	+0.0298	+0.0293
cid22/1080721.png	512	512	Default	90	6	35242	35346	35442	1.6992	1.5056	1.5292	0.9944	0.9973	+0.1700	-0.0236
cid22/1080721.png	512	512	Photo	25	0	13676	13676	15238	6.0429	6.0429	6.1444	0.8975	0.8975	-0.1015	-0.1015
cid22/1080721.png	512	512	Photo	25	4	9416	9562	9468	6.0226	6.0006	5.4277	0.9945	1.0099	+0.5950	+0.5729
cid22/1080721.png	512	512	Photo	25	6	8920	9044	8930	5.8289	6.0961	6.1027	0.9989	1.0128	-0.2738	-0.0066
cid22/1080721.png	512	512	Photo	75	0	25090	25090	26958	3.2422	3.2422	2.7205	0.9307	0.9307	+0.5217	+0.5217
cid22/1080721.png	512	512	Photo	75	4	18238	18352	18286	2.9687	3.2595	2.8827	0.9974	1.0036	+0.0861	+0.3768
cid22/1080721.png	512	512	Photo	75	6	17254	17382	17454	3.4125	3.0655	2.8438	0.9885	0.9959	+0.5687	+0.2217
cid22/1080721.png	512	512	Photo	90	0	36872	36872	40016	1.6452	1.6452	1.7408	0.9214	0.9214	-0.0956	-0.0956
cid22/1080721.png	512	512	Photo	90	4	36416	36358	36930	1.7245	1.5677	1.8243	0.9861	0.9845	-0.0997	-0.2565
cid22/1080721.png	512	512	Photo	90	6	34814	34548	36186	1.7932	1.9944	1.9500	0.9621	0.9547	-0.1569	+0.0444
cid22/1082342.png	512	512	Default	25	0	20970	20970	23494	6.7292	6.7292	7.4126	0.8926	0.8926	-0.6834	-0.6834
cid22/1082342.png	512	512	Default	25	4	18064	18256	18208	7.7512	7.4092	6.4558	0.9921	1.0026	+1.2954	+0.9534
cid22/1082342.png	512	512	Default	25	6	17712	17772	17590	7.1249	6.3122	7.3692	1.0069	1.0103	-0.2443	-1.0571
cid22/1082342.png	512	512	Default	75	0	39258	39258	42952	3.2974	3.2974	3.2036	0.9140	0.9140	+0.0938	+0.0938
cid22/1082342.png	512	512	Default	75	4	35282	35538	35240	3.2971	3.3820	3.1844	1.0012	1.0085	+0.1127	+0.1976
cid22/1082342.png	512	512	Default	75	6	34524	34486	34284	3.2205	3.2927	3.0554	1.0070	1.0059	+0.1651	+0.2373
cid22/1082342.png	512	512	Default	90	0	63210	63210	68238	2.0115	2.0115	2.1254	0.9263	0.9263	-0.1139	-0.1139
cid22/1082342.png	512	512	Default	90	4	63036	63030	62440	2.0608	1.9827	2.0408	1.0095	1.0094	+0.0200	-0.0581
cid22/1082342.png	512	512	Default	90	6	61718	61634	61294	2.0286	1.9912	2.4608	1.0069	1.0055	-0.4322	-0.4696
cid22/1082342.png	512	512	Photo	25	0	20082	20082	22906	6.9082	6.9082	8.1095	0.8767	0.8767	-1.2013	-1.2013
cid22/1082342.png	512	512	Photo	25	4	17164	17512	17408	7.1515	7.3963	7.1656	0.9860	1.0060	-0.0142	+0.2307
cid22/1082342.png	512	512	Photo	25	6	16984	17090	16864	6.9604	6.5684	7.5597	1.0071	1.0134	-0.5993	-0.9914
cid22/1082342.png	512	512	Photo	75	0	38152	38152	42354	3.3058	3.3058	3.9005	0.9008	0.9008	-0.5947	-0.5947
cid22/1082342.png	512	512	Photo	75	4	34426	34422	34168	3.6089	3.4964	3.4980	1.0076	1.0074	+0.1108	-0.0017
cid22/1082342.png	512	512	Photo	75	6	33584	33578	33270	3.5390	3.1455	3.0421	1.0094	1.0093	+0.4970	+0.1035
cid22/1082342.png	512	512	Photo	90	0	61510	61510	67074	2.1953	2.1953	2.2345	0.9170	0.9170	-0.0392	-0.0392
cid22/1082342.png	512	512	Photo	90	4	61280	61364	60790	2.2918	2.2199	2.2364	1.0081	1.0094	+0.0554	-0.0165
cid22/1082342.png	512	512	Photo	90	6	60042	59860	59590	2.2912	2.2092	2.0829	1.0076	1.0045	+0.2083	+0.1263
cid22/1089930.png	512	512	Default	25	0	13180	13180	14218	7.2093	7.2093	6.4291	0.9270	0.9270	+0.7802	+0.7802
cid22/1089930.png	512	512	Default	25	4	9816	9840	9932	6.1323	6.7012	8.2624	0.9883	0.9907	-2.1302	-1.5612
cid22/1089930.png	512	512	Default	25	6	9724	9668	9594	5.7354	6.2626	7.1388	1.0136	1.0077	-1.4033	-0.8762
cid22/1089930.png	512	512	Default	75	0	25418	25418	27558	3.1259	3.1259	3.6997	0.9223	0.9223	-0.5738	-0.5738
cid22/1089930.png	512	512	Default	75	4	20334	20440	20558	3.2158	3.4357	3.3439	0.9891	0.9943	-0.1281	+0.0919
cid22/1089930.png	512	512	Default	75	6	19628	19570	19730	3.4433	3.3574	3.1912	0.9948	0.9919	+0.2522	+0.1662
cid22/1089930.png	512	512	Default	90	0	43166	43166	46980	1.7371	1.7371	1.8831	0.9188	0.9188	-0.1460	-0.1460
cid22/1089930.png	512	512	Default	90	4	43464	43056	42862	1.6260	1.6211	1.6673	1.0140	1.0045	-0.0413	-0.0462
cid22/1089930.png	512	512	Default	90	6	41460	41134	41238	1.7060	1.7397	1.6755	1.0054	0.9975	+0.0305	+0.0642
cid22/1089930.png	512	512	Photo	25	0	13192	13192	13908	7.9245	7.9245	7.7130	0.9485	0.9485	+0.2115	+0.2115
cid22/1089930.png	512	512	Photo	25	4	9916	9976	9990	6.8936	7.7782	7.9567	0.9926	0.9986	-1.0631	-0.1785
cid22/1089930.png	512	512	Photo	25	6	9672	9760	9678	7.0290	7.5876	7.1431	0.9994	1.0085	-0.1141	+0.4446
cid22/1089930.png	512	512	Photo	75	0	25396	25396	27902	3.8287	3.8287	4.0757	0.9102	0.9102	-0.2470	-0.2470
cid22/1089930.png	512	512	Photo	75	4	20212	20470	20504	3.5811	3.6146	3.5537	0.9858	0.9983	+0.0275	+0.0609
cid22/1089930.png	512	512	Photo	75	6	19542	19534	19608	3.2780	3.3651	3.6010	0.9966	0.9962	-0.3230	-0.2358
cid22/1089930.png	512	512	Photo	90	0	44066	44066	45808	1.7465	1.7465	2.0587	0.9620	0.9620	-0.3122	-0.3122
cid22/1089930.png	512	512	Photo	90	4	43056	43948	43860	1.6364	1.8479	1.6166	0.9817	1.0020	+0.0199	+0.2313
cid22/1089930.png	512	512	Photo	90	6	41128	41988	42470	1.7282	1.7497	1.7117	0.9684	0.9887	+0.0165	+0.0380
cid22/110472.png	512	512	Default	25	0	14120	14120	16442	9.7178	9.7178	9.1661	0.8588	0.8588	+0.5516	+0.5516
cid22/110472.png	512	512	Default	25	4	11382	11424	11398	10.3874	9.7367	10.2082	0.9986	1.0023	+0.1792	-0.4715
cid22/110472.png	512	512	Default	25	6	11180	11160	11026	8.9236	10.7414	11.0447	1.0140	1.0122	-2.1211	-0.3033
cid22/110472.png	512	512	Default	75	0	27580	27580	31622	5.7033	5.7033	5.8986	0.8722	0.8722	-0.1953	-0.1953
cid22/110472.png	512	512	Default	75	4	23104	23114	23038	5.0628	5.0349	4.7502	1.0029	1.0033	+0.3126	+0.2847
cid22/110472.png	512	512	Default	75	6	22084	22344	22176	5.2995	5.4449	4.7714	0.9959	1.0076	+0.5281	+0.6735
cid22/110472.png	512	512	Default	90	0	44516	44516	52834	4.6694	4.6694	4.2729	0.8426	0.8426	+0.3965	+0.3965
cid22/110472.png	512	512	Default	90	4	44238	44330	43968	4.4335	4.5077	4.1086	1.0061	1.0082	+0.3249	+0.3992
cid22/110472.png	512	512	Default	90	6	43322	43166	42990	4.2719	4.2575	3.9998	1.0077	1.0041	+0.2721	+0.2578
cid22/110472.png	512	512	Photo	25	0	13610	13610	15910	9.1149	9.1149	10.9563	0.8554	0.8554	-1.8415	-1.8415
cid22/110472.png	512	512	Photo	25	4	10882	11062	11034	10.0443	10.1107	9.7227	0.9862	1.0025	+0.3216	+0.3879
cid22/110472.png	512	512	Photo	25	6	10800	10830	10626	9.3775	9.5352	9.2910	1.0164	1.0192	+0.0865	+0.2442
cid22/110472.png	512	512	Photo	75	0	26964	26964	30842	6.0751	6.0751	6.4895	0.8743	0.8743	-0.4144	-0.4144
cid22/110472.png	512	512	Photo	75	4	22504	22578	22520	5.6821	4.8685	5.8432	0.9993	1.0026	-0.1611	-0.9747
cid22/110472.png	512	512	Photo	75	6	21860	21734	21532	5.8206	5.6833	5.6083	1.0152	1.0094	+0.2123	+0.0750
cid22/110472.png	512	512	Photo	90	0	43584	43584	49600	4.5422	4.5422	4.7412	0.8787	0.8787	-0.1990	-0.1990
cid22/110472.png	512	512	Photo	90	4	43618	43700	43272	4.8756	4.5761	4.6487	1.0080	1.0099	+0.2269	-0.0726
cid22/110472.png	512	512	Photo	90	6	41558	42492	42158	4.1854	4.3972	4.5702	0.9858	1.0079	-0.3848	-0.1731
cid22/1129482.png	512	512	Default	25	0	6636	6636	8182	5.2263	5.2263	4.9870	0.8110	0.8110	+0.2393	+0.2393
cid22/1129482.png	512	512	Default	25	4	5114	5142	5024	5.7494	4.7571	4.9117	1.0179	1.0235	+0.8377	-0.1546
cid22/1129482.png	512	512	Default	25	6	4834	4812	4772	5.2365	5.2602	5.1534	1.0130	1.0084	+0.0831	+0.1068
cid22/1129482.png	512	512	Default	75	0	10548	10548	12362	2.9149	2.9149	2.6673	0.8533	0.8533	+0.2476	+0.2476
cid22/1129482.png	512	512	Default	75	4	8812	8722	8628	2.8780	2.9471	3.0047	1.0213	1.0109	-0.1267	-0.0575
cid22/1129482.png	512	512	Default	75	6	8376	8470	8370	2.5185	2.4822	2.5743	1.0007	1.0119	-0.0559	-0.0921
cid22/1129482.png	512	512	Default	90	0	15556	15556	16682	1.3940	1.3940	1.2941	0.9325	0.9325	+0.0999	+0.0999
cid22/1129482.png	512	512	Default	90	4	14812	14880	14726	1.2237	1.2362	1.3462	1.0058	1.0105	-0.1225	-0.1099
cid22/1129482.png	512	512	Default	90	6	14518	14550	14480	1.3008	1.3944	1.3053	1.0026	1.0048	-0.0045	+0.0891
cid22/1129482.png	512	512	Photo	25	0	6084	6084	8100	5.5191	5.5191	4.9944	0.7511	0.7511	+0.5247	+0.5247
cid22/1129482.png	512	512	Photo	25	4	4702	4790	4700	5.0826	5.1078	5.8910	1.0004	1.0191	-0.8084	-0.7832
cid22/1129482.png	512	512	Photo	25	6	4388	4546	4432	5.5357	5.4832	6.5189	0.9901	1.0257	-0.9832	-1.0357
cid22/1129482.png	512	512	Photo	75	0	10090	10090	12256	3.0472	3.0472	2.9237	0.8233	0.8233	+0.1235	+0.1235
cid22/1129482.png	512	512	Photo	75	4	8218	8330	8186	2.6751	2.5206	2.8534	1.0039	1.0176	-0.1782	-0.3327
cid22/1129482.png	512	512	Photo	75	6	7838	7890	7906	2.7088	2.8467	2.9464	0.9914	0.9980	-0.2376	-0.0997
cid22/1129482.png	512	512	Photo	90	0	14022	14022	17406	1.4076	1.4076	1.3738	0.8056	0.8056	+0.0338	+0.0338
cid22/1129482.png	512	512	Photo	90	4	13818	13660	13702	1.5840	1.4462	1.3536	1.0085	0.9969	+0.2304	+0.0926
cid22/1129482.png	512	512	Photo	90	6	13526	13492	13404	1.4695	1.5761	1.5803	1.0091	1.0066	-0.1108	-0.0042
cid22/1130683.png	512	512	Default	25	0	31080	31080	36066	5.1321	5.1321	5.0342	0.8618	0.8618	+0.0979	+0.0979
cid22/1130683.png	512	512	Default	25	4	26708	26944	26888	5.4388	5.4275	5.4975	0.9933	1.0021	-0.0587	-0.0701
cid22/1130683.png	512	512	Default	25	6	24710	25128	25250	5.9468	5.2767	5.0603	0.9786	0.9952	+0.8865	+0.2164
cid22/1130683.png	512	512	Default	75	0	58172	58172	62998	3.7533	3.7533	3.9270	0.9234	0.9234	-0.1737	-0.1737
cid22/1130683.png	512	512	Default	75	4	52434	53058	52722	4.9776	3.7815	3.8604	0.9945	1.0064	+1.1172	-0.0789
cid22/1130683.png	512	512	Default	75	6	50154	50554	50656	4.2663	3.9249	3.9214	0.9901	0.9980	+0.3449	+0.0035
cid22/1130683.png	512	512	Default	90	0	91238	91238	100094	3.5598	3.5598	3.2020	0.9115	0.9115	+0.3577	+0.3577
cid22/1130683.png	512	512	Default	90	4	91206	91590	91270	3.4779	3.3875	3.2837	0.9993	1.0035	+0.1942	+0.1038
cid22/1130683.png	512	512	Default	90	6	88264	88818	89298	3.6617	3.2252	3.5176	0.9884	0.9946	+0.1441	-0.2925
cid22/1130683.png	512	512	Photo	25	0	30262	30262	36402	5.7829	5.7829	5.3187	0.8313	0.8313	+0.4642	+0.4642
cid22/1130683.png	512	512	Photo	25	4	25980	26114	26080	7.0278	6.3362	5.7287	0.9962	1.0013	+1.2990	+0.6075
cid22/1130683.png	512	512	Photo	25	6	23954	24142	24236	7.8918	7.4047	6.7892	0.9884	0.9961	+1.1026	+0.6155
cid22/1130683.png	512	512	Photo	75	0	57678	57678	63488	4.4964	4.4964	3.8376	0.9085	0.9085	+0.6588	+0.6588
cid22/1130683.png	512	512	Photo	75	4	52054	52414	52194	4.0042	4.1473	4.2820	0.9973	1.0042	-0.2778	-0.1348
cid22/1130683.png	512	512	Photo	75	6	49436	49830	50032	4.0173	3.9088	4.1939	0.9881	0.9960	-0.1766	-0.2851
cid22/1130683.png	512	512	Photo	90	0	89846	89846	98636	3.3155	3.3155	3.3485	0.9109	0.9109	-0.0330	-0.0330
cid22/1130683.png	512	512	Photo	90	4	89496	90234	89730	3.1248	3.1295	3.2883	0.9974	1.0056	-0.1636	-0.1588
cid22/1130683.png	512	512	Photo	90	6	86454	87082	87612	3.1440	3.2862	3.3433	0.9868	0.9940	-0.1993	-0.0571
cid22/1147124.png	512	512	Default	25	0	24072	24072	26492	6.0720	6.0720	6.1317	0.9087	0.9087	-0.0597	-0.0597
cid22/1147124.png	512	512	Default	25	4	20140	20154	20210	5.9282	5.7585	6.6269	0.9965	0.9972	-0.6987	-0.8684
cid22/1147124.png	512	512	Default	25	6	19166	19252	19332	6.6925	6.0094	6.1118	0.9914	0.9959	+0.5808	-0.1024
cid22/1147124.png	512	512	Default	75	0	46762	46762	49406	3.3948	3.3948	3.0810	0.9465	0.9465	+0.3139	+0.3139
cid22/1147124.png	512	512	Default	75	4	40502	40758	40480	3.4811	3.0255	2.9546	1.0005	1.0069	+0.5265	+0.0709
cid22/1147124.png	512	512	Default	75	6	38606	38976	38892	3.2071	3.1949	3.1415	0.9926	1.0022	+0.0656	+0.0533
cid22/1147124.png	512	512	Default	90	0	78156	78156	78668	1.8761	1.8761	1.9888	0.9935	0.9935	-0.1127	-0.1127
cid22/1147124.png	512	512	Default	90	4	76740	78282	77930	2.0544	1.8161	1.9660	0.9847	1.0045	+0.0884	-0.1498
cid22/1147124.png	512	512	Default	90	6	74202	75474	75744	1.8913	1.7228	1.8532	0.9796	0.9964	+0.0381	-0.1304
cid22/1147124.png	512	512	Photo	25	0	24260	24260	26538	6.6334	6.6334	6.8272	0.9142	0.9142	-0.1938	-0.1938
cid22/1147124.png	512	512	Photo	25	4	20270	20386	20278	7.1401	7.1699	6.2941	0.9996	1.0053	+0.8459	+0.8758
cid22/1147124.png	512	512	Photo	25	6	19378	19494	19488	6.6001	6.0995	7.0950	0.9944	1.0003	-0.4949	-0.9955
cid22/1147124.png	512	512	Photo	75	0	47102	47102	50080	3.5395	3.5395	3.4440	0.9405	0.9405	+0.0956	+0.0956
cid22/1147124.png	512	512	Photo	75	4	40506	40960	40902	3.0972	3.0640	3.2511	0.9903	1.0014	-0.1539	-0.1871
cid22/1147124.png	512	512	Photo	75	6	39034	39164	39424	3.3233	3.2877	3.3450	0.9901	0.9934	-0.0216	-0.0573
cid22/1147124.png	512	512	Photo	90	0	77862	77862	78938	1.8499	1.8499	1.8562	0.9864	0.9864	-0.0063	-0.0063
cid22/1147124.png	512	512	Photo	90	4	77188	77950	76514	1.9998	2.0621	2.1754	1.0088	1.0188	-0.1757	-0.1134
cid22/1147124.png	512	512	Photo	90	6	74178	74840	74186	1.8268	1.9858	1.7846	0.9999	1.0088	+0.0422	+0.2012
cid22/1173777.png	512	512	Default	25	0	30494	30494	33016	7.1713	7.1713	6.8570	0.9236	0.9236	+0.3143	+0.3143
cid22/1173777.png	512	512	Default	25	4	27606	27882	27826	5.4934	5.8094	5.8064	0.9921	1.0020	-0.3130	+0.0030
cid22/1173777.png	512	512	Default	25	6	25126	25390	25760	6.2775	5.3287	5.7345	0.9754	0.9856	+0.5430	-0.4059
cid22/1173777.png	512	512	Default	75	0	66422	66422	69124	2.9737	2.9737	3.0959	0.9609	0.9609	-0.1222	-0.1222
cid22/1173777.png	512	512	Default	75	4	62908	63440	63242	3.2407	3.1403	3.3580	0.9947	1.0031	-0.1173	-0.2177
cid22/1173777.png	512	512	Default	75	6	59266	59408	59976	3.5233	3.3166	3.3338	0.9882	0.9905	+0.1896	-0.0172
cid22/1173777.png	512	512	Default	90	0	113654	113654	115864	1.7455	1.7455	1.7698	0.9809	0.9809	-0.0243	-0.0243
cid22/1173777.png	512	512	Default	90	4	114980	114398	114138	1.8608	1.8508	1.8018	1.0074	1.0023	+0.0590	+0.0490
cid22/1173777.png	512	512	Default	90	6	111932	111480	112566	1.9102	1.8241	1.8046	0.9944	0.9904	+0.1056	+0.0195
cid22/1173777.png	512	512	Photo	25	0	32106	32106	33766	6.2763	6.2763	6.4402	0.9508	0.9508	-0.1639	-0.1639
cid22/1173777.png	512	512	Photo	25	4	29002	29522	29460	7.0515	5.9824	5.9245	0.9845	1.0021	+1.1270	+0.0580
cid22/1173777.png	512	512	Photo	25	6	26588	26934	27294	5.8824	6.0104	5.9073	0.9741	0.9868	-0.0249	+0.1031
cid22/1173777.png	512	512	Photo	75	0	68358	68358	69834	3.2940	3.2940	3.1960	0.9789	0.9789	+0.0980	+0.0980
cid22/1173777.png	512	512	Photo	75	4	65210	65518	65250	3.1390	3.2709	3.3823	0.9994	1.0041	-0.2433	-0.1114
cid22/1173777.png	512	512	Photo	75	6	61226	61486	62090	3.0899	3.4909	3.5009	0.9861	0.9903	-0.4110	-0.0100
cid22/1173777.png	512	512	Photo	90	0	115276	115276	116388	1.8311	1.8311	1.9172	0.9904	0.9904	-0.0861	-0.0861
cid22/1173777.png	512	512	Photo	90	4	114778	116318	116054	1.9007	1.8833	1.9008	0.9890	1.0023	-0.0001	-0.0175
cid22/1173777.png	512	512	Photo	90	6	111978	113502	114714	1.8751	1.9737	1.9279	0.9761	0.9894	-0.0528	+0.0458
cid22/1183021.png	512	512	Default	25	0	6072	6072	8724	5.6576	5.6576	5.5074	0.6960	0.6960	+0.1502	+0.1502
cid22/1183021.png	512	512	Default	25	4	5532	5522	5460	5.6361	6.2885	5.7231	1.0132	1.0114	-0.0870	+0.5654
cid22/1183021.png	512	512	Default	25	6	5374	5336	5250	6.4291	6.5325	5.6966	1.0236	1.0164	+0.7325	+0.8359
cid22/1183021.png	512	512	Default	75	0	16304	16304	23398	2.9664	2.9664	2.9442	0.6968	0.6968	+0.0222	+0.0222
cid22/1183021.png	512	512	Default	75	4	15194	15098	14950	3.1321	3.5951	3.4103	1.0163	1.0099	-0.2782	+0.1848
cid22/1183021.png	512	512	Default	75	6	13830	13830	13734	3.5367	3.5367	3.2205	1.0070	1.0070	+0.3163	+0.3163
cid22/1183021.png	512	512	Default	90	0	37010	37010	52648	1.6321	1.6321	1.6653	0.7030	0.7030	-0.0332	-0.0332
cid22/1183021.png	512	512	Default	90	4	36408	36388	35968	1.6685	1.6678	1.5938	1.0122	1.0117	+0.0747	+0.0740
cid22/1183021.png	512	512	Default	90	6	34478	34318	34346	2.2200	2.1905	1.5877	1.0038	0.9992	+0.6323	+0.6028
cid22/1183021.png	512	512	Photo	25	0	5470	5470	8478	6.8603	6.8603	5.6629	0.6452	0.6452	+1.1973	+1.1973
cid22/1183021.png	512	512	Photo	25	4	5078	5020	4964	6.2180	7.3880	6.5948	1.0230	1.0113	-0.3768	+0.7932
cid22/1183021.png	512	512	Photo	25	6	4898	4876	4756	6.3459	6.2352	7.3388	1.0299	1.0252	-0.9929	-1.1036
cid22/1183021.png	512	512	Photo	75	0	15206	15206	22902	3.4283	3.4283	3.1363	0.6640	0.6640	+0.2920	+0.2920
cid22/1183021.png	512	512	Photo	75	4	14150	14052	13884	3.1978	3.4592	3.2962	1.0192	1.0121	-0.0985	+0.1629
cid22/1183021.png	512	512	Photo	75	6	12996	12854	12818	3.1890	3.6962	3.7806	1.0139	1.0028	-0.5917	-0.0844
cid22/1183021.png	512	512	Photo	90	0	36748	36748	51546	1.7694	1.7694	1.7806	0.7129	0.7129	-0.0112	-0.0112
cid22/1183021.png	512	512	Photo	90	4	37004	36310	35634	1.6245	1.9328	1.7689	1.0384	1.0190	-0.1443	+0.1640
cid22/1183021.png	512	512	Photo	90	6	35038	33962	33856	1.7370	1.9991	1.7222	1.0349	1.0031	+0.0148	+0.2769
cid22/1200348.png	512	512	Default	25	0	7210	7210	8376	6.1487	6.1487	5.6162	0.8608	0.8608	+0.5325	+0.5325
cid22/1200348.png	512	512	Default	25	4	5856	5810	5792	6.9635	6.1538	6.5439	1.0110	1.0031	+0.4195	-0.3901
cid22/1200348.png	512	512	Default	25	6	5836	5786	5656	6.4237	6.3691	6.4490	1.0318	1.0230	-0.0253	-0.0799
cid22/1200348.png	512	512	Default	75	0	13934	13934	17032	3.2475	3.2475	3.6247	0.8181	0.8181	-0.3772	-0.3772
cid22/1200348.png	512	512	Default	75	4	11426	11378	11330	4.3314	3.4201	3.1823	1.0085	1.0042	+1.1491	+0.2378
cid22/1200348.png	512	512	Default	75	6	11226	11170	11050	3.4629	3.5703	3.2314	1.0159	1.0109	+0.2315	+0.3389
cid22/1200348.png	512	512	Default	90	0	23854	23854	27162	2.4730	2.4730	2.8019	0.8782	0.8782	-0.3289	-0.3289
cid22/1200348.png	512	512	Default	90	4	23042	23202	22554	2.6730	2.5148	2.3738	1.0216	1.0287	+0.2992	+0.1410
cid22/1200348.png	512	512	Default	90	6	22604	23002	22074	2.7641	2.4545	2.4673	1.0240	1.0420	+0.2968	-0.0127
cid22/1200348.png	512	512	Photo	25	0	6834	6834	8078	8.5709	8.5709	8.0893	0.8460	0.8460	+0.4816	+0.4816
cid22/1200348.png	512	512	Photo	25	4	5590	5598	5574	7.4048	8.5245	7.9131	1.0029	1.0043	-0.5083	+0.6115
cid22/1200348.png	512	512	Photo	25	6	5588	5544	5464	7.5814	7.3400	8.1475	1.0227	1.0146	-0.5661	-0.8076
cid22/1200348.png	512	512	Photo	75	0	13552	13552	16554	4.4732	4.4732	3.9471	0.8187	0.8187	+0.5260	+0.5260
cid22/1200348.png	512	512	Photo	75	4	10998	11096	11026	3.6299	3.5674	3.5414	0.9975	1.0063	+0.0885	+0.0260
cid22/1200348.png	512	512	Photo	75	6	10818	10842	10794	3.3147	3.8681	4.0857	1.0022	1.0044	-0.7710	-0.2175
cid22/1200348.png	512	512	Photo	90	0	22990	22990	27624	2.9984	2.9984	2.9661	0.8322	0.8322	+0.0323	+0.0323
cid22/1200348.png	512	512	Photo	90	4	23060	22450	22338	2.7456	2.6216	2.7546	1.0323	1.0050	-0.0089	-0.1329
cid22/1200348.png	512	512	Photo	90	6	22714	22204	22058	2.7795	2.8428	3.0322	1.0297	1.0066	-0.2527	-0.1894
cid22/1248582.png	512	512	Default	25	0	21966	21966	24264	6.9634	6.9634	5.9192	0.9053	0.9053	+1.0443	+1.0443
cid22/1248582.png	512	512	Default	25	4	16980	16924	17004	5.9448	5.4088	5.7276	0.9986	0.9953	+0.2172	-0.3189
cid22/1248582.png	512	512	Default	25	6	15646	15900	15992	5.9002	6.3653	5.7234	0.9784	0.9942	+0.1769	+0.6419
cid22/1248582.png	512	512	Default	75	0	40024	40024	42492	3.2373	3.2373	3.1128	0.9419	0.9419	+0.1244	+0.1244
cid22/1248582.png	512	512	Default	75	4	32346	32618	32322	3.2409	3.2366	3.2303	1.0007	1.0092	+0.0106	+0.0063
cid22/1248582.png	512	512	Default	75	6	30768	30994	30964	3.1736	3.1720	3.2243	0.9937	1.0010	-0.0507	-0.0523
cid22/1248582.png	512	512	Default	90	0	62724	62724	64426	2.1887	2.1887	2.0260	0.9736	0.9736	+0.1627	+0.1627
cid22/1248582.png	512	512	Default	90	4	61236	62554	62050	1.7598	1.8987	1.9389	0.9869	1.0081	-0.1791	-0.0402
cid22/1248582.png	512	512	Default	90	6	58640	59552	59614	1.7383	2.0158	1.8349	0.9837	0.9990	-0.0966	+0.1808
cid22/1248582.png	512	512	Photo	25	0	21806	21806	24184	6.3457	6.3457	7.0918	0.9017	0.9017	-0.7461	-0.7461
cid22/1248582.png	512	512	Photo	25	4	16638	16752	16754	6.4507	5.5767	6.4479	0.9931	0.9999	+0.0028	-0.8712
cid22/1248582.png	512	512	Photo	25	6	15678	15838	15916	5.8661	6.4280	6.4817	0.9850	0.9951	-0.6156	-0.0538
cid22/1248582.png	512	512	Photo	75	0	39556	39556	42408	3.0147	3.0147	4.0193	0.9327	0.9327	-1.0046	-1.0046
cid22/1248582.png	512	512	Photo	75	4	31792	32062	31838	2.9438	3.1278	3.5222	0.9986	1.0070	-0.5784	-0.3945
cid22/1248582.png	512	512	Photo	75	6	30254	30422	30482	3.1790	3.6109	3.7811	0.9925	0.9980	-0.6021	-0.1702
cid22/1248582.png	512	512	Photo	90	0	61764	61764	65124	1.9439	1.9439	2.0331	0.9484	0.9484	-0.0892	-0.0892
cid22/1248582.png	512	512	Photo	90	4	61456	62012	62180	1.9026	1.8122	1.7714	0.9884	0.9973	+0.1312	+0.0408
cid22/1248582.png	512	512	Photo	90	6	59088	59208	59790	2.0444	1.9172	1.7842	0.9883	0.9903	+0.2602	+0.1330
cid22/1277396.png	512	512	Default	25	0	11094	11094	13852	5.3896	5.3896	5.7673	0.8009	0.8009	-0.3777	-0.3777
cid22/1277396.png	512	512	Default	25	4	9434	9412	9358	6.2034	6.4727	4.9585	1.0081	1.0058	+1.2449	+1.5142
cid22/1277396.png	512	512	Default	25	6	8986	8986	8930	5.2564	6.1279	6.1466	1.0063	1.0063	-0.8902	-0.0187
cid22/1277396.png	512	512	Default	75	0	22834	22834	30278	2.7375	2.7375	2.9733	0.7541	0.7541	-0.2359	-0.2359
cid22/1277396.png	512	512	Default	75	4	20154	20454	20244	2.8929	2.8319	2.7486	0.9956	1.0104	+0.1443	+0.0833
cid22/1277396.png	512	512	Default	75	6	19402	19376	19364	2.5894	2.9397	2.7813	1.0020	1.0006	-0.1919	+0.1584
cid22/1277396.png	512	512	Default	90	0	40672	40672	61426	1.5882	1.5882	1.8581	0.6621	0.6621	-0.2699	-0.2699
cid22/1277396.png	512	512	Default	90	4	40240	40278	39976	1.6221	1.8164	1.8162	1.0066	1.0076	-0.1941	+0.0003
cid22/1277396.png	512	512	Default	90	6	39254	39110	38946	1.6303	1.6303	1.6395	1.0079	1.0042	-0.0092	-0.0092
cid22/1277396.png	512	512	Photo	25	0	10556	10556	13366	6.5242	6.5242	6.8011	0.7898	0.7898	-0.2769	-0.2769
cid22/1277396.png	512	512	Photo	25	4	8976	8994	8952	6.5648	6.0825	6.1965	1.0027	1.0047	+0.3683	-0.1140
cid22/1277396.png	512	512	Photo	25	6	8490	8600	8508	5.8277	6.0397	5.8320	0.9979	1.0108	-0.0043	+0.2078
cid22/1277396.png	512	512	Photo	75	0	22052	22052	29112	2.9038	2.9038	3.8335	0.7575	0.7575	-0.9296	-0.9296
cid22/1277396.png	512	512	Photo	75	4	19590	19602	19524	2.9072	3.1455	2.8974	1.0034	1.0040	+0.0098	+0.2481
cid22/1277396.png	512	512	Photo	75	6	18678	18702	18630	2.8244	2.9834	2.9538	1.0026	1.0039	-0.1294	+0.0296
cid22/1277396.png	512	512	Photo	90	0	40786	40786	59116	1.6103	1.6103	1.8582	0.6899	0.6899	-0.2479	-0.2479
cid22/1277396.png	512	512	Photo	90	4	41438	40500	40242	1.6009	1.6094	1.7188	1.0297	1.0064	-0.1179	-0.1094
cid22/1277396.png	512	512	Photo	90	6	39392	39178	39096	1.6101	1.6245	1.7046	1.0076	1.0021	-0.0945	-0.0801
cid22/1287145.png	512	512	Default	25	0	13942	13942	20614	5.2203	5.2203	6.6231	0.6763	0.6763	-1.4029	-1.4029
cid22/1287145.png	512	512	Default	25	4	12832	12848	12704	5.5805	5.4163	5.8759	1.0101	1.0113	-0.2954	-0.4596
cid22/1287145.png	512	512	Default	25	6	11570	11566	11434	5.1555	5.6032	5.2358	1.0119	1.0115	-0.0804	+0.3674
cid22/1287145.png	512	512	Default	75	0	30304	30304	44290	2.7035	2.7035	2.7686	0.6842	0.6842	-0.0651	-0.0651
cid22/1287145.png	512	512	Default	75	4	28994	28800	28684	2.6997	2.8707	2.7616	1.0108	1.0040	-0.0619	+0.1091
cid22/1287145.png	512	512	Default	75	6	26836	26582	26868	2.6403	2.8289	3.0135	0.9988	0.9894	-0.3732	-0.1847
cid22/1287145.png	512	512	Default	90	0	56550	56550	76414	1.5760	1.5760	1.5121	0.7400	0.7400	+0.0639	+0.0639
cid22/1287145.png	512	512	Default	90	4	56482	56330	56016	1.4163	1.4543	1.4767	1.0083	1.0056	-0.0605	-0.0224
cid22/1287145.png	512	512	Default	90	6	55236	54810	55048	1.9932	1.9946	1.6411	1.0034	0.9957	+0.3521	+0.3535
cid22/1287145.png	512	512	Photo	25	0	13078	13078	20868	6.1363	6.1363	7.0328	0.6267	0.6267	-0.8965	-0.8965
cid22/1287145.png	512	512	Photo	25	4	12068	12086	11910	6.2068	6.3158	5.7835	1.0133	1.0148	+0.4233	+0.5323
cid22/1287145.png	512	512	Photo	25	6	10792	10882	10804	5.8055	5.4938	5.4765	0.9989	1.0072	+0.3290	+0.0173
cid22/1287145.png	512	512	Photo	75	0	29224	29224	43706	3.2421	3.2421	3.1016	0.6686	0.6686	+0.1405	+0.1405
cid22/1287145.png	512	512	Photo	75	4	27942	27680	27620	2.9193	3.0184	2.8075	1.0117	1.0022	+0.1118	+0.2109
cid22/1287145.png	512	512	Photo	75	6	25910	25474	25758	2.9433	2.7751	2.7959	1.0059	0.9890	+0.1474	-0.0209
cid22/1287145.png	512	512	Photo	90	0	56336	56336	75646	1.5608	1.5608	1.7096	0.7447	0.7447	-0.1488	-0.1488
cid22/1287145.png	512	512	Photo	90	4	56744	56340	55914	1.4880	1.5268	1.5385	1.0148	1.0076	-0.0505	-0.0117
cid22/1287145.png	512	512	Photo	90	6	55252	54624	54842	1.4908	1.5986	1.4971	1.0075	0.9960	-0.0063	+0.1015
cid22/1292115.png	512	512	Default	25	0	5124	5124	6502	6.1364	6.1364	5.6372	0.7881	0.7881	+0.4991	+0.4991
cid22/1292115.png	512	512	Default	25	4	4646	4542	4444	6.7960	6.5589	6.0689	1.0455	1.0221	+0.7271	+0.4900
cid22/1292115.png	512	512	Default	25	6	4524	4342	4196	6.6642	6.0899	6.1511	1.0782	1.0348	+0.5131	-0.0612
cid22/1292115.png	512	512	Default	75	0	14190	14190	18186	3.1765	3.1765	3.0553	0.7803	0.7803	+0.1213	+0.1213
cid22/1292115.png	512	512	Default	75	4	12904	12900	12830	3.1811	3.2682	3.2542	1.0058	1.0055	-0.0731	+0.0141
cid22/1292115.png	512	512	Default	75	6	11994	11638	11650	3.1733	3.0890	3.4330	1.0295	0.9990	-0.2597	-0.3441
cid22/1292115.png	512	512	Default	90	0	32138	32138	41678	1.7209	1.7209	2.0577	0.7711	0.7711	-0.3368	-0.3368
cid22/1292115.png	512	512	Default	90	4	32158	31466	31374	1.5714	1.5828	1.7145	1.0250	1.0029	-0.1431	-0.1316
cid22/1292115.png	512	512	Default	90	6	30886	30172	30250	1.6628	1.7822	1.6731	1.0210	0.9974	-0.0103	+0.1091
cid22/1292115.png	512	512	Photo	25	0	4832	4832	6326	7.2789	7.2789	5.9565	0.7638	0.7638	+1.3224	+1.3224
cid22/1292115.png	512	512	Photo	25	4	4522	4324	4224	6.8941	7.8066	7.3125	1.0705	1.0237	-0.4184	+0.4942
cid22/1292115.png	512	512	Photo	25	6	4456	4188	4006	6.3928	5.8657	6.9836	1.1123	1.0454	-0.5908	-1.1179
cid22/1292115.png	512	512	Photo	75	0	13364	13364	17644	3.5794	3.5794	3.1632	0.7574	0.7574	+0.4162	+0.4162
cid22/1292115.png	512	512	Photo	75	4	12512	12136	12056	4.4079	3.3636	3.6756	1.0378	1.0066	+0.7323	-0.3121
cid22/1292115.png	512	512	Photo	75	6	11502	11082	10984	3.6029	3.4298	4.1261	1.0472	1.0089	-0.5232	-0.6964
cid22/1292115.png	512	512	Photo	90	0	32416	32416	40994	1.8474	1.8474	2.0577	0.7907	0.7907	-0.2102	-0.2102
cid22/1292115.png	512	512	Photo	90	4	32106	32458	31536	1.7633	1.8271	1.7343	1.0181	1.0292	+0.0291	+0.0929
cid22/1292115.png	512	512	Photo	90	6	29374	30700	29822	1.8044	1.7449	1.8030	0.9850	1.0294	+0.0015	-0.0581
cid22/1370704.png	512	512	Default	25	0	19816	19816	27588	5.1693	5.1693	5.1013	0.7183	0.7183	+0.0680	+0.0680
cid22/1370704.png	512	512	Default	25	4	16916	16940	16856	4.9889	4.7581	4.9557	1.0036	1.0050	+0.0332	-0.1976
cid22/1370704.png	512	512	Default	25	6	15222	15316	15404	4.7172	5.4928	4.9137	0.9882	0.9943	-0.1965	+0.5791
cid22/1370704.png	512	512	Default	75	0	37046	37046	54862	2.5387	2.5387	2.5095	0.6753	0.6753	+0.0292	+0.0292
cid22/1370704.png	512	512	Default	75	4	33232	33276	33184	2.3402	2.3317	2.5320	1.0014	1.0028	-0.1918	-0.2004
cid22/1370704.png	512	512	Default	75	6	31644	31706	31966	2.6177	2.6342	2.6155	0.9899	0.9919	+0.0022	+0.0187
cid22/1370704.png	512	512	Default	90	0	59970	59970	91444	1.6459	1.6459	1.7952	0.6558	0.6558	-0.1493	-0.1493
cid22/1370704.png	512	512	Default	90	4	59586	59754	59274	1.6788	1.6788	1.6258	1.0053	1.0081	+0.0530	+0.0530
cid22/1370704.png	512	512	Default	90	6	58194	58252	58468	1.6132	1.6133	1.6170	0.9953	0.9963	-0.0038	-0.0037
cid22/1370704.png	512	512	Photo	25	0	18462	18462	26562	6.6625	6.6625	5.5281	0.6951	0.6951	+1.1344	+1.1344
cid22/1370704.png	512	512	Photo	25	4	15602	15736	15652	5.4326	5.5074	5.4006	0.9968	1.0054	+0.0319	+0.1068
cid22/1370704.png	512	512	Photo	25	6	14110	14222	14236	5.3965	5.8004	5.1124	0.9911	0.9990	+0.2841	+0.6880
cid22/1370704.png	512	512	Photo	75	0	35646	35646	54064	2.8387	2.8387	2.7464	0.6593	0.6593	+0.0923	+0.0923
cid22/1370704.png	512	512	Photo	75	4	31944	31892	31832	2.5826	2.6001	2.5823	1.0035	1.0019	+0.0003	+0.0177
cid22/1370704.png	512	512	Photo	75	6	30352	30554	30686	2.8926	2.7146	2.8124	0.9891	0.9957	+0.0803	-0.0978
cid22/1370704.png	512	512	Photo	90	0	59016	59016	91170	1.5148	1.5148	1.8165	0.6473	0.6473	-0.3017	-0.3017
cid22/1370704.png	512	512	Photo	90	4	58910	59218	58764	1.5796	1.5656	1.5687	1.0025	1.0077	+0.0109	-0.0030
cid22/1370704.png	512	512	Photo	90	6	57188	57774	57938	1.5598	1.5534	1.5508	0.9871	0.9972	+0.0091	+0.0026
cid22/1391487.png	512	512	Default	25	0	15784	15784	17236	7.3578	7.3578	8.0459	0.9158	0.9158	-0.6881	-0.6881
cid22/1391487.png	512	512	Default	25	4	13348	13506	13444	7.5426	7.2140	7.5129	0.9929	1.0046	+0.0297	-0.2990
cid22/1391487.png	512	512	Default	25	6	12744	12848	12816	7.5587	7.2783	6.9539	0.9944	1.0025	+0.6047	+0.3244
cid22/1391487.png	512	512	Default	75	0	34898	34898	37928	3.7899	3.7899	3.7163	0.9201	0.9201	+0.0736	+0.0736
cid22/1391487.png	512	512	Default	75	4	30630	30874	30494	3.7988	3.6096	3.5363	1.0045	1.0125	+0.2625	+0.0733
cid22/1391487.png	512	512	Default	75	6	28768	29026	29074	4.9005	3.8590	4.3412	0.9895	0.9983	+0.5593	-0.4822
cid22/1391487.png	512	512	Default	90	0	65104	65104	67250	2.4095	2.4095	2.3998	0.9681	0.9681	+0.0098	+0.0098
cid22/1391487.png	512	512	Default	90	4	64856	64972	64594	2.3850	2.3714	2.4385	1.0041	1.0059	-0.0535	-0.0671
cid22/1391487.png	512	512	Default	90	6	61572	61676	61870	2.4354	2.5304	2.5053	0.9952	0.9969	-0.0699	+0.0251
cid22/1391487.png	512	512	Photo	25	0	16016	16016	17848	7.3858	7.3858	9.2155	0.8974	0.8974	-1.8297	-1.8297
cid22/1391487.png	512	512	Photo	25	4	13648	13920	13832	9.3745	8.2196	8.4501	0.9867	1.0064	+0.9244	-0.2304
cid22/1391487.png	512	512	Photo	25	6	12982	13248	13252	7.6138	8.2177	7.7440	0.9796	0.9997	-0.1302	+0.4737
cid22/1391487.png	512	512	Photo	75	0	35480	35480	38278	4.1350	4.1350	4.4486	0.9269	0.9269	-0.3136	-0.3136
cid22/1391487.png	512	512	Photo	75	4	31304	31590	31626	3.6913	4.3062	3.8652	0.9898	0.9989	-0.1739	+0.4410
cid22/1391487.png	512	512	Photo	75	6	29678	29798	29986	4.2506	4.2837	4.0997	0.9897	0.9937	+0.1509	+0.1840
cid22/1391487.png	512	512	Photo	90	0	67392	67392	70660	2.4933	2.4933	2.8465	0.9538	0.9538	-0.3532	-0.3532
cid22/1391487.png	512	512	Photo	90	4	67182	67682	67352	2.4503	2.5859	2.6766	0.9975	1.0049	-0.2263	-0.0907
cid22/1391487.png	512	512	Photo	90	6	64274	64366	64856	2.4043	2.4481	2.7268	0.9910	0.9924	-0.3224	-0.2786
