corpus	file	width	height	preset	quality	method	zen_bytes	lib_bytes	size_ratio	zen_encode_ms	lib_encode_ms	speed_ratio	zen_butter	lib_butter	butter_delta	zen_ssim2	lib_ssim2	ssim2_delta
cid22	1001682.png	512	512	Default	25	0	17628	26758	0.658794	5.922	2.870	2.0635	4.9585	4.7511	0.2073	45.2097	47.8414	-2.6317
cid22	1200348.png	512	512	Default	25	0	7222	8376	0.862225	4.930	2.395	2.0583	6.4324	5.6162	0.8162	51.2891	53.4515	-2.1624
cid22	146083.png	512	512	Default	25	0	25788	29914	0.862071	6.100	3.347	1.8227	5.0887	6.4951	-1.4064	53.6816	56.2426	-2.5609
cid22	162511.png	512	512	Default	25	0	36982	39744	0.930505	7.377	4.032	1.8296	4.6999	6.0953	-1.3954	52.5471	51.8613	0.6858
cid22	207691.png	512	512	Default	25	0	22796	23448	0.972194	6.179	2.977	2.0752	4.8299	4.9461	-0.1162	54.4080	55.2308	-0.8229
cid22	2290070.png	512	512	Default	25	0	13486	14482	0.931225	5.398	2.531	2.1326	5.8315	4.9078	0.9237	54.5276	55.0832	-0.5556
cid22	262780.png	512	512	Default	25	0	15400	16866	0.913080	5.424	2.710	2.0014	5.4813	5.8289	-0.3477	34.9664	38.7295	-3.7631
cid22	3316926_opo25u.png	512	512	Default	25	0	7060	7814	0.903507	4.855	2.243	2.1649	8.2599	7.6547	0.6052	54.0545	54.5244	-0.4700
cid22	3779828.png	512	512	Default	25	0	35552	36492	0.974241	7.120	3.837	1.8557	4.8174	4.6514	0.1660	49.9667	51.4017	-1.4350
cid22	5212582.png	512	512	Default	25	0	2964	2960	1.001351	4.229	1.874	2.2568	5.6291	5.1595	0.4696	57.2296	56.6646	0.5651
cid22	675951.png	512	512	Default	25	0	16572	18744	0.884123	5.807	2.731	2.1262	6.5149	8.2766	-1.7617	57.6922	57.7129	-0.0207
cid22	962312.png	512	512	Default	25	0	21364	26476	0.806919	5.702	2.932	1.9451	4.7149	4.8985	-0.1836	67.6437	70.9094	-3.2657
cid22	klepas-Gentle-giants-of-the-sea-3.png	512	512	Default	25	0	17478	19498	0.896400	5.570	2.741	2.0325	5.6158	6.1814	-0.5657	55.4810	57.8201	-2.3391
cid22	pexels-photo-2908983.png	512	512	Default	25	0	5026	5364	0.936987	4.991	2.123	2.3511	5.7158	5.6738	0.0420	47.9387	49.5264	-1.5877
cid22	pexels-photo-4672246.png	512	512	Default	25	0	10568	11916	0.886875	5.154	2.488	2.0718	6.3013	6.3886	-0.0873	48.9254	49.8833	-0.9579
cid22	1001682.png	512	512	Default	25	4	16470	16152	1.019688	16.320	12.129	1.3456	4.7340	5.1710	-0.4369	45.7454	45.7009	0.0445
cid22	1200348.png	512	512	Default	25	4	5922	5792	1.022445	12.668	9.855	1.2855	6.6783	6.5439	0.1343	53.2149	50.6491	2.5659
cid22	146083.png	512	512	Default	25	4	23036	22942	1.004097	18.995	13.732	1.3833	5.3432	5.4762	-0.1329	53.6061	53.2533	0.3528
cid22	162511.png	512	512	Default	25	4	31172	31156	1.000514	19.646	14.802	1.3273	4.5923	5.6822	-1.0899	52.3305	51.7356	0.5949
cid22	207691.png	512	512	Default	25	4	16820	16774	1.002742	16.371	12.358	1.3247	4.9840	5.0114	-0.0274	54.2586	54.2481	0.0105
cid22	2290070.png	512	512	Default	25	4	9376	9240	1.014719	13.381	10.265	1.3036	5.0996	6.0309	-0.9313	54.5351	53.2992	1.2358
cid22	262780.png	512	512	Default	25	4	14444	14192	1.017756	16.500	12.247	1.3473	5.2113	5.5486	-0.3373	34.3473	32.6778	1.6695
cid22	3316926_opo25u.png	512	512	Default	25	4	5968	5862	1.018083	13.075	9.724	1.3446	7.1035	7.2987	-0.1951	53.5797	52.7125	0.8672
cid22	3779828.png	512	512	Default	25	4	29500	29556	0.998105	18.358	13.833	1.3272	4.6235	4.4332	0.1903	49.4046	49.7940	-0.3894
cid22	5212582.png	512	512	Default	25	4	2576	2504	1.028754	10.558	8.362	1.2627	5.6091	5.7048	-0.0958	58.1643	56.8633	1.3009
cid22	675951.png	512	512	Default	25	4	13068	13102	0.997405	15.810	11.834	1.3360	5.7491	6.2784	-0.5293	56.4661	55.6833	0.7828
cid22	962312.png	512	512	Default	25	4	18478	18358	1.006537	13.395	10.724	1.2491	4.0154	4.6221	-0.6067	69.2156	67.4304	1.7852
cid22	klepas-Gentle-giants-of-the-sea-3.png	512	512	Default	25	4	14810	15018	0.986150	13.329	10.375	1.2847	6.7163	5.7771	0.9391	55.4689	56.0804	-0.6115
cid22	pexels-photo-2908983.png	512	512	Default	25	4	4578	4484	1.020963	12.649	9.359	1.3515	5.7631	5.9826	-0.2195	49.0373	47.4098	1.6275
cid22	pexels-photo-4672246.png	512	512	Default	25	4	8648	8644	1.000463	14.267	10.505	1.3580	5.5713	5.1625	0.4088	48.4093	47.6265	0.7828
cid22	1001682.png	512	512	Default	25	6	14538	15014	0.968296	29.742	23.991	1.2397	5.0073	5.2723	-0.2650	44.9711	44.7030	0.2680
cid22	1200348.png	512	512	Default	25	6	5862	5656	1.036421	16.781	12.712	1.3201	6.6923	6.4490	0.2433	53.3311	50.3366	2.9945
cid22	146083.png	512	512	Default	25	6	21036	21340	0.985754	37.761	30.921	1.2212	5.2040	5.0614	0.1426	52.8236	53.5334	-0.7098
cid22	162511.png	512	512	Default	25	6	28536	29064	0.981833	43.497	33.787	1.2874	5.9846	4.7257	1.2589	51.7476	51.4874	0.2602
cid22	207691.png	512	512	Default	25	6	15772	15796	0.998481	31.409	25.114	1.2506	4.9401	5.0404	-0.1004	53.4841	53.4263	0.0578
cid22	2290070.png	512	512	Default	25	6	8918	8822	1.010882	22.454	17.450	1.2868	5.5131	5.0456	0.4675	54.7982	52.8947	1.9035
cid22	262780.png	512	512	Default	25	6	12964	13088	0.990526	29.691	22.237	1.3352	5.6871	5.9915	-0.3044	34.1088	33.6691	0.4397
cid22	3316926_opo25u.png	512	512	Default	25	6	5908	5754	1.026764	19.089	13.473	1.4168	7.8319	6.9057	0.9262	54.3464	53.2027	1.1437
cid22	3779828.png	512	512	Default	25	6	26352	27428	0.960770	45.923	36.317	1.2645	4.6971	4.9990	-0.3019	43.8853	46.2900	-2.4047
cid22	5212582.png	512	512	Default	25	6	2592	2480	1.045161	12.765	9.605	1.3290	5.2861	5.8504	-0.5643	58.1718	56.3763	1.7955
cid22	675951.png	512	512	Default	25	6	12720	12624	1.007605	26.002	19.849	1.3100	7.1380	6.3283	0.8097	57.1405	55.6005	1.5401
cid22	962312.png	512	512	Default	25	6	17274	17568	0.983265	28.223	23.738	1.1889	4.1703	4.0836	0.0867	67.1422	66.4509	0.6913
cid22	klepas-Gentle-giants-of-the-sea-3.png	512	512	Default	25	6	13962	14248	0.979927	24.150	19.513	1.2376	6.0774	5.8610	0.2164	55.6497	55.6290	0.0207
cid22	pexels-photo-2908983.png	512	512	Default	25	6	4632	4442	1.042774	16.897	11.017	1.5337	6.0167	7.1928	-1.1762	50.1040	48.4753	1.6286
cid22	pexels-photo-4672246.png	512	512	Default	25	6	8384	8248	1.016489	22.212	15.740	1.4112	5.5108	6.4881	-0.9773	48.6190	47.3980	1.2210
cid22	1001682.png	512	512	Default	50	0	28230	43188	0.653654	6.621	3.573	1.8531	3.3734	3.2319	0.1415	61.6769	62.2517	-0.5749
cid22	1200348.png	512	512	Default	50	0	10658	12310	0.865800	4.987	2.265	2.2014	4.1544	4.0349	0.1195	65.4353	65.4964	-0.0610
cid22	146083.png	512	512	Default	50	0	38844	42564	0.912602	7.478	4.182	1.7882	3.4123	4.5960	-1.1836	67.7033	67.8297	-0.1264
cid22	162511.png	512	512	Default	50	0	52250	53800	0.971190	9.185	4.916	1.8683	3.0582	4.1466	-1.0885	65.2744	64.5138	0.7606
cid22	207691.png	512	512	Default	50	0	32882	33918	0.969456	6.808	3.537	1.9245	3.2718	3.6148	-0.3430	66.0277	66.2512	-0.2235
cid22	2290070.png	512	512	Default	50	0	18584	18664	0.995714	5.798	2.838	2.0431	4.1361	3.4431	0.6930	67.2730	67.9459	-0.6728
cid22	262780.png	512	512	Default	50	0	26146	26920	0.971248	6.454	3.318	1.9450	3.8943	4.3078	-0.4135	55.3807	55.9194	-0.5387
cid22	3316926_opo25u.png	512	512	Default	50	0	10564	11644	0.907248	5.268	2.447	2.1531	4.5245	5.1847	-0.6602	66.3141	66.4522	-0.1381
cid22	3779828.png	512	512	Default	50	0	48470	49442	0.980341	8.152	4.645	1.7550	3.0807	2.9836	0.0971	64.7367	65.5061	-0.7694
cid22	5212582.png	512	512	Default	50	0	4102	4086	1.003916	4.496	2.006	2.2415	3.8231	4.5097	-0.6866	67.9653	67.3271	0.6382
cid22	675951.png	512	512	Default	50	0	24116	27104	0.889758	6.665	3.156	2.1120	4.4236	5.1764	-0.7528	68.0709	69.0802	-1.0093
cid22	962312.png	512	512	Default	50	0	28384	32572	0.871423	6.104	3.447	1.7707	2.9536	3.6105	-0.6569	76.9107	77.4139	-0.5032
cid22	klepas-Gentle-giants-of-the-sea-3.png	512	512	Default	50	0	24494	25996	0.942222	6.188	3.219	1.9222	5.2385	5.6394	-0.4009	66.8407	67.5721	-0.7315
cid22	pexels-photo-2908983.png	512	512	Default	50	0	7486	7846	0.954117	4.750	2.174	2.1845	4.7493	4.4324	0.3169	62.5024	63.0734	-0.5710
cid22	pexels-photo-4672246.png	512	512	Default	50	0	16324	18072	0.903276	5.761	2.741	2.1020	4.2339	4.4099	-0.1759	63.0387	63.2732	-0.2345
cid22	1001682.png	512	512	Default	50	4	25996	25908	1.003397	17.641	13.407	1.3158	3.6167	3.4451	0.1716	61.1330	60.8408	0.2922
cid22	1200348.png	512	512	Default	50	4	8450	8434	1.001897	13.314	10.216	1.3032	3.8609	4.2974	-0.4364	65.2057	64.8564	0.3493
cid22	146083.png	512	512	Default	50	4	35716	35718	0.999944	20.680	15.275	1.3539	3.6729	3.5285	0.1444	68.2696	68.2773	-0.0077
cid22	162511.png	512	512	Default	50	4	45568	45578	0.999781	21.846	16.905	1.2923	3.1403	3.0252	0.1151	65.3464	64.8444	0.5021
cid22	207691.png	512	512	Default	50	4	25346	25318	1.001106	18.578	13.330	1.3937	3.6899	3.5151	0.1747	65.7500	64.4753	1.2748
cid22	2290070.png	512	512	Default	50	4	13220	13110	1.008391	14.943	11.260	1.3271	3.5103	3.9310	-0.4207	67.3856	65.4030	1.9827
cid22	262780.png	512	512	Default	50	4	24206	24502	0.987919	17.872	13.755	1.2993	4.0655	3.9103	0.1552	54.0774	53.1610	0.9164
cid22	3316926_opo25u.png	512	512	Default	50	4	8642	8694	0.994019	14.916	11.087	1.3453	5.6416	5.1430	0.4986	66.0132	65.3050	0.7082
cid22	3779828.png	512	512	Default	50	4	41622	41522	1.002408	19.944	15.221	1.3103	2.9128	3.2668	-0.3540	64.5480	65.2546	-0.7066
cid22	5212582.png	512	512	Default	50	4	3504	3390	1.033628	11.449	8.693	1.3171	4.0687	4.2025	-0.1338	67.6199	67.3760	0.2438
cid22	675951.png	512	512	Default	50	4	19090	19216	0.993443	17.048	12.820	1.3298	4.5678	4.8046	-0.2368	67.8949	68.0238	-0.1289
cid22	962312.png	512	512	Default	50	4	25138	24926	1.008505	14.871	11.223	1.3250	2.9963	2.9299	0.0664	76.7708	76.4415	0.3293
cid22	klepas-Gentle-giants-of-the-sea-3.png	512	512	Default	50	4	21054	21026	1.001332	14.742	11.278	1.3071	6.0444	5.6116	0.4327	66.4681	66.8507	-0.3826
cid22	pexels-photo-2908983.png	512	512	Default	50	4	6588	6528	1.009191	13.928	10.126	1.3755	4.0330	4.3842	-0.3512	62.7068	61.2404	1.4664
cid22	pexels-photo-4672246.png	512	512	Default	50	4	13472	13378	1.007026	14.988	11.182	1.3403	4.4581	4.2531	0.2050	63.1117	61.9619	1.1497
cid22	1001682.png	512	512	Default	50	6	24076	24604	0.978540	38.403	31.821	1.2069	3.4591	3.6998	-0.2407	60.6546	60.7576	-0.1030
cid22	1200348.png	512	512	Default	50	6	8348	8262	1.010409	20.381	14.892	1.3686	4.8067	4.3944	0.4123	65.5001	64.8699	0.6302
cid22	146083.png	512	512	Default	50	6	32478	33230	0.977370	47.804	39.303	1.2163	3.3018	3.6289	-0.3272	67.1653	67.9690	-0.8037
cid22	162511.png	512	512	Default	50	6	42614	43308	0.983975	51.692	43.990	1.1751	3.0206	3.6104	-0.5898	64.5798	64.6183	-0.0386
cid22	207691.png	512	512	Default	50	6	23976	24074	0.995929	36.404	29.133	1.2496	4.2585	3.6200	0.6386	65.6514	64.3890	1.2623
cid22	2290070.png	512	512	Default	50	6	12564	12550	1.001116	25.664	20.749	1.2369	3.6629	4.3637	-0.7008	66.6138	65.4974	1.1164
cid22	262780.png	512	512	Default	50	6	21528	22374	0.962188	39.130	31.155	1.2560	4.1460	4.0178	0.1282	54.4962	54.0315	0.4648
cid22	3316926_opo25u.png	512	512	Default	50	6	8702	8486	1.025454	22.437	16.543	1.3563	5.3476	4.9414	0.4061	66.0778	65.1861	0.8918
cid22	3779828.png	512	512	Default	50	6	39476	40370	0.977855	50.371	42.148	1.1951	3.1090	3.0167	0.0923	64.2672	65.2001	-0.9329
cid22	5212582.png	512	512	Default	50	6	3524	3352	1.051313	14.364	10.362	1.3863	4.3319	3.9761	0.3558	67.8271	67.1980	0.6291
cid22	675951.png	512	512	Default	50	6	18606	18430	1.009550	30.295	22.933	1.3210	4.8530	4.8157	0.0374	68.4403	67.9816	0.4587
cid22	962312.png	512	512	Default	50	6	24280	24390	0.995490	30.722	25.555	1.2022	2.8609	3.2261	-0.3652	76.1468	75.3540	0.7928
cid22	klepas-Gentle-giants-of-the-sea-3.png	512	512	Default	50	6	20234	20422	0.990794	28.499	22.704	1.2552	5.4549	5.3849	0.0700	67.0256	66.7548	0.2708
cid22	pexels-photo-2908983.png	512	512	Default	50	6	6608	6466	1.021961	19.115	12.953	1.4758	4.6144	4.1223	0.4921	63.4745	61.9630	1.5115
cid22	pexels-photo-4672246.png	512	512	Default	50	6	12788	12686	1.008040	26.514	20.311	1.3054	3.9023	4.7778	-0.8755	62.5432	61.3071	1.2361
cid22	1001682.png	512	512	Default	75	0	37992	64672	0.587457	7.556	4.151	1.8204	2.6953	2.6974	-0.0020	70.1938	71.2617	-1.0678
cid22	1200348.png	512	512	Default	75	0	14130	17032	0.829615	5.415	2.631	2.0580	3.3384	3.6247	-0.2863	72.1103	72.4883	-0.3780
cid22	146083.png	512	512	Default	75	0	52746	56066	0.940784	8.968	5.091	1.7616	2.6286	3.7578	-1.1292	75.9057	75.7021	0.2036
cid22	162511.png	512	512	Default	75	0	67328	68512	0.982718	10.204	6.101	1.6725	2.4544	2.7063	-0.2519	72.9796	72.2863	0.6933
cid22	207691.png	512	512	Default	75	0	42730	44028	0.970519	7.905	4.234	1.8670	3.2091	2.8517	0.3574	72.3207	72.1465	0.1743
cid22	2290070.png	512	512	Default	75	0	23496	22678	1.036070	6.210	3.159	1.9658	3.1897	2.7949	0.3948	74.2443	74.7368	-0.4925
cid22	262780.png	512	512	Default	75	0	37652	39014	0.965089	7.463	3.876	1.9254	3.0687	2.9185	0.1502	66.8573	67.1388	-0.2815
cid22	3316926_opo25u.png	512	512	Default	75	0	14476	16042	0.902381	5.679	2.690	2.1109	3.4599	3.3243	0.1356	73.2340	73.5222	-0.2882
cid22	3779828.png	512	512	Default	75	0	61234	62160	0.985103	9.481	5.316	1.7834	2.3767	2.4511	-0.0744	74.0933	74.2869	-0.1936
cid22	5212582.png	512	512	Default	75	0	5522	5458	1.011726	4.816	2.054	2.3444	3.2676	3.6755	-0.4079	73.2053	72.7384	0.4669
cid22	675951.png	512	512	Default	75	0	31144	36004	0.865015	6.779	3.557	1.9059	3.4571	3.8202	-0.3631	74.9679	75.4208	-0.4529
cid22	962312.png	512	512	Default	75	0	33628	37128	0.905732	6.179	3.732	1.6555	2.2871	2.1313	0.1558	81.0865	81.3062	-0.2196
cid22	klepas-Gentle-giants-of-the-sea-3.png	512	512	Default	75	0	30512	32034	0.952488	6.454	3.580	1.8026	5.7170	5.6601	0.0569	73.1000	73.4388	-0.3388
cid22	pexels-photo-2908983.png	512	512	Default	75	0	10460	11068	0.945067	5.107	2.326	2.1957	3.1964	3.0856	0.1108	71.2889	71.9913	-0.7025
cid22	pexels-photo-4672246.png	512	512	Default	75	0	22430	24432	0.918058	6.023	3.161	1.9053	3.3046	3.1338	0.1708	70.6397	71.1860	-0.5464
cid22	1001682.png	512	512	Default	75	4	35868	35268	1.017013	19.263	14.421	1.3358	2.9447	2.8538	0.0909	70.3936	70.1296	0.2640
cid22	1200348.png	512	512	Default	75	4	11442	11330	1.009885	14.407	11.021	1.3072	3.1709	3.1823	-0.0114	72.5124	71.7830	0.7295
cid22	146083.png	512	512	Default	75	4	48820	48836	0.999672	21.392	16.130	1.3262	2.9793	2.3891	0.5902	76.1929	75.8128	0.3801
cid22	162511.png	512	512	Default	75	4	60168	60324	0.997414	22.471	16.972	1.3240	2.5424	2.4737	0.0687	72.8286	73.0459	-0.2173
cid22	207691.png	512	512	Default	75	4	34350	34480	0.996230	20.128	14.015	1.4362	2.8773	2.7517	0.1256	72.4444	72.7234	-0.2790
cid22	2290070.png	512	512	Default	75	4	17178	17214	0.997909	15.164	11.380	1.3326	2.9814	2.6064	0.3751	73.8251	73.4238	0.4012
cid22	262780.png	512	512	Default	75	4	35812	35922	0.996938	21.240	15.416	1.3778	3.1993	3.0683	0.1309	66.7547	66.7498	0.0049
cid22	3316926_opo25u.png	512	512	Default	75	4	11926	11886	1.003365	16.422	11.185	1.4682	3.5366	3.7704	-0.2338	73.1770	73.0384	0.1386
cid22	3779828.png	512	512	Default	75	4	53294	53654	0.993290	20.421	15.592	1.3097	2.2737	2.2787	-0.0050	73.8672	74.1672	-0.3001
cid22	5212582.png	512	512	Default	75	4	4738	4566	1.037670	12.871	9.583	1.3431	3.0454	3.6853	-0.6399	73.2053	73.0006	0.2048
cid22	675951.png	512	512	Default	75	4	25580	25290	1.011467	17.537	13.468	1.3022	3.3810	3.8888	-0.5079	74.7370	74.9608	-0.2237
cid22	962312.png	512	512	Default	75	4	29936	29962	0.999132	16.190	12.862	1.2587	2.0718	2.2032	-0.1314	81.0010	81.1512	-0.1501
cid22	klepas-Gentle-giants-of-the-sea-3.png	512	512	Default	75	4	26820	26628	1.007210	15.888	12.533	1.2677	5.9911	5.6733	0.3178	73.1642	73.5184	-0.3542
cid22	pexels-photo-2908983.png	512	512	Default	75	4	9026	9084	0.993615	14.057	10.295	1.3655	3.4375	3.7460	-0.3086	71.4927	70.6589	0.8338
cid22	pexels-photo-4672246.png	512	512	Default	75	4	18624	18646	0.998820	17.533	13.248	1.3235	2.9332	2.8701	0.0632	71.0395	70.7178	0.3217
cid22	1001682.png	512	512	Default	75	6	33466	33576	0.996724	45.812	35.096	1.3053	2.7007	2.8433	-0.1426	70.2868	69.8881	0.3988
cid22	1200348.png	512	512	Default	75	6	11230	11050	1.016290	22.457	16.695	1.3451	3.4038	3.2314	0.1724	72.5360	71.7142	0.8218
cid22	146083.png	512	512	Default	75	6	44970	45938	0.978928	55.628	47.241	1.1775	2.7974	2.5446	0.2529	75.4414	75.5831	-0.1417
cid22	162511.png	512	512	Default	75	6	56886	57810	0.984017	56.764	48.046	1.1815	2.4935	2.5971	-0.1036	72.5387	72.7790	-0.2403
cid22	207691.png	512	512	Default	75	6	32442	32706	0.991928	43.344	32.911	1.3170	3.1022	2.9370	0.1652	72.4308	72.4900	-0.0591
cid22	2290070.png	512	512	Default	75	6	16630	16584	1.002774	29.067	22.895	1.2696	2.8140	2.8913	-0.0773	73.4936	72.2787	1.2149
cid22	262780.png	512	512	Default	75	6	32096	33258	0.965061	44.981	37.374	1.2035	2.8612	2.9223	-0.0611	66.1746	66.7757	-0.6011
cid22	3316926_opo25u.png	512	512	Default	75	6	11910	11684	1.019343	24.278	18.950	1.2812	3.4547	3.9394	-0.4848	73.8386	73.4572	0.3814
cid22	3779828.png	512	512	Default	75	6	51380	52538	0.977959	53.410	44.920	1.1890	2.1914	2.1816	0.0098	73.6209	74.2566	-0.6357
cid22	5212582.png	512	512	Default	75	6	4766	4558	1.045634	16.290	11.535	1.4122	2.9702	4.0857	-1.1156	73.5930	73.1059	0.4871
cid22	675951.png	512	512	Default	75	6	24868	24666	1.008189	34.046	27.251	1.2494	3.1052	4.2771	-1.1719	74.9002	74.7638	0.1364
cid22	962312.png	512	512	Default	75	6	29258	29398	0.995238	33.360	26.606	1.2539	2.4490	2.6113	-0.1623	80.2016	80.2306	-0.0290
cid22	klepas-Gentle-giants-of-the-sea-3.png	512	512	Default	75	6	25906	26178	0.989610	30.385	23.918	1.2704	5.9066	5.9093	-0.0027	73.2160	73.6288	-0.4129
cid22	pexels-photo-2908983.png	512	512	Default	75	6	9014	9006	1.000888	21.047	14.876	1.4148	3.4131	3.2443	0.1688	72.0835	70.8440	1.2395
cid22	pexels-photo-4672246.png	512	512	Default	75	6	17618	17828	0.988221	29.503	23.026	1.2813	3.2430	3.3653	-0.1222	70.8244	70.6622	0.1622
cid22	1001682.png	512	512	Default	90	0	72192	98734	0.731177	10.533	7.089	1.4858	1.5394	1.5605	-0.0210	83.1331	83.3756	-0.2425
cid22	1200348.png	512	512	Default	90	0	27952	27162	1.029085	6.531	4.013	1.6274	2.7360	2.8019	-0.0659	82.4762	82.5375	-0.0613
cid22	146083.png	512	512	Default	90	0	93556	92544	1.010935	11.916	8.126	1.4664	1.4368	1.8181	-0.3813	86.8665	86.1797	0.6868
cid22	162511.png	512	512	Default	90	0	113286	109708	1.032614	13.337	8.998	1.4822	1.9816	1.9134	0.0682	82.7241	82.0530	0.6710
cid22	207691.png	512	512	Default	90	0	78352	79240	0.988794	10.706	6.699	1.5980	1.5150	1.6222	-0.1072	81.8262	81.4384	0.3879
cid22	2290070.png	512	512	Default	90	0	39406	38024	1.036345	7.551	4.736	1.5943	1.7208	1.6562	0.0646	83.1577	83.6549	-0.4972
cid22	262780.png	512	512	Default	90	0	77354	83656	0.924668	10.812	7.578	1.4267	1.5937	1.7243	-0.1306	82.8453	82.5292	0.3161
cid22	3316926_opo25u.png	512	512	Default	90	0	30950	29000	1.067241	7.387	4.544	1.6257	1.9440	2.0162	-0.0723	84.6532	84.1038	0.5495
cid22	3779828.png	512	512	Default	90	0	97762	94382	1.035812	12.093	8.032	1.5055	1.5829	1.4611	0.1218	84.4645	84.4745	-0.0099
cid22	5212582.png	512	512	Default	90	0	12230	12100	1.010744	5.542	3.265	1.6975	1.9588	1.9317	0.0271	80.7422	82.2903	-1.5481
cid22	675951.png	512	512	Default	90	0	58804	61856	0.950660	9.316	5.919	1.5740	1.8841	2.1794	-0.2952	83.6976	83.9774	-0.2798
cid22	962312.png	512	512	Default	90	0	48566	47414	1.024297	7.517	5.330	1.4102	1.7031	1.7952	-0.0921	86.7922	86.4547	0.3375
cid22	klepas-Gentle-giants-of-the-sea-3.png	512	512	Default	90	0	49508	49684	0.996458	7.911	5.687	1.3912	5.6012	5.3614	0.2398	79.2858	79.1096	0.1762
cid22	pexels-photo-2908983.png	512	512	Default	90	0	22954	21612	1.062095	6.374	4.019	1.5861	1.9518	1.8113	0.1405	83.7224	83.1422	0.5802
cid22	pexels-photo-4672246.png	512	512	Default	90	0	46280	44796	1.033128	7.913	5.164	1.5324	1.8540	2.3607	-0.5067	83.0909	82.5969	0.4940
cid22	1001682.png	512	512	Default	90	4	69160	69496	0.995165	23.764	17.924	1.3259	1.4506	1.4375	0.0131	83.3544	83.6842	-0.3298
cid22	1200348.png	512	512	Default	90	4	22976	22554	1.018711	17.162	12.709	1.3503	2.8228	2.3738	0.4491	82.9475	83.1530	-0.2055
cid22	146083.png	512	512	Default	90	4	90608	90454	1.001703	25.998	20.190	1.2877	1.2822	1.2619	0.0203	87.0510	87.0833	-0.0323
cid22	162511.png	512	512	Default	90	4	106584	107264	0.993661	27.365	22.230	1.2310	1.7583	1.7519	0.0064	82.9378	83.0748	-0.1370
cid22	207691.png	512	512	Default	90	4	69734	69630	1.001494	23.666	17.740	1.3340	1.4936	1.6555	-0.1619	81.9058	82.0285	-0.1227
cid22	2290070.png	512	512	Default	90	4	31936	31000	1.030194	18.522	13.963	1.3265	1.5097	1.6060	-0.0963	83.8199	83.4365	0.3833
cid22	262780.png	512	512	Default	90	4	79688	77700	1.025586	25.712	19.347	1.3290	1.5083	1.5549	-0.0466	83.2681	83.4003	-0.1322
cid22	3316926_opo25u.png	512	512	Default	90	4	26612	26626	0.999474	18.932	14.030	1.3494	1.6764	1.8510	-0.1746	85.0674	85.1267	-0.0593
cid22	3779828.png	512	512	Default	90	4	89466	89914	0.995017	24.470	19.106	1.2807	1.5250	1.4047	0.1203	84.4159	84.6282	-0.2122
cid22	5212582.png	512	512	Default	90	4	11808	10466	1.128225	15.329	11.533	1.3292	1.9418	1.9001	0.0417	82.5121	82.5043	0.0078
cid22	675951.png	512	512	Default	90	4	51562	51688	0.997562	21.602	16.342	1.3219	2.0837	1.9856	0.0981	84.1011	83.8064	0.2947
cid22	962312.png	512	512	Default	90	4	44812	44536	1.006197	17.568	14.060	1.2495	1.7340	1.7391	-0.0051	87.3483	87.4688	-0.1205
cid22	klepas-Gentle-giants-of-the-sea-3.png	512	512	Default	90	4	43468	43600	0.996972	17.982	14.061	1.2789	5.4580	5.4542	0.0037	79.7602	79.8011	-0.0409
cid22	pexels-photo-2908983.png	512	512	Default	90	4	19964	20192	0.988708	17.432	12.918	1.3494	1.7043	1.8301	-0.1258	84.4251	83.8609	0.5641
cid22	pexels-photo-4672246.png	512	512	Default	90	4	41966	41648	1.007635	20.847	15.568	1.3390	1.9612	1.8312	0.1300	83.6197	83.6166	0.0031
cid22	1001682.png	512	512	Default	90	6	67876	68352	0.993036	55.402	48.925	1.1324	1.4665	1.4237	0.0428	83.3871	83.6222	-0.2351
cid22	1200348.png	512	512	Default	90	6	22426	22074	1.015946	29.076	22.543	1.2898	2.4115	2.4673	-0.0558	82.9702	83.2040	-0.2338
cid22	146083.png	512	512	Default	90	6	88222	88316	0.998936	65.933	58.273	1.1315	1.3926	1.3727	0.0199	86.9621	86.9908	-0.0287
cid22	162511.png	512	512	Default	90	6	104400	105994	0.984961	70.358	62.345	1.1285	1.9774	1.9239	0.0535	82.7744	83.1192	-0.3448
cid22	207691.png	512	512	Default	90	6	66060	65996	1.000970	57.101	48.412	1.1795	1.4661	1.5531	-0.0870	81.7112	81.8067	-0.0955
cid22	2290070.png	512	512	Default	90	6	30724	30304	1.013860	36.325	28.763	1.2629	1.7373	1.6002	0.1371	83.5387	83.3952	0.1435
cid22	262780.png	512	512	Default	90	6	75364	75158	1.002741	65.998	58.466	1.1288	1.6923	1.5766	0.1157	82.8758	83.3156	-0.4398
cid22	3316926_opo25u.png	512	512	Default	90	6	25898	25302	1.023555	33.494	28.419	1.1786	1.7071	1.9662	-0.2591	85.2565	85.2464	0.0101
cid22	3779828.png	512	512	Default	90	6	87478	88200	0.991814	62.104	51.712	1.2010	1.5322	1.4018	0.1304	84.5260	84.5773	-0.0512
cid22	5212582.png	512	512	Default	90	6	10348	10334	1.001355	19.915	14.656	1.3588	1.9383	1.7880	0.1503	81.8842	82.6822	-0.7981
cid22	675951.png	512	512	Default	90	6	50168	49770	1.007997	43.146	39.257	1.0991	2.0189	2.0464	-0.0275	84.1660	83.9277	0.2383
cid22	962312.png	512	512	Default	90	6	44248	44116	1.002992	34.376	28.963	1.1869	2.8230	1.8225	1.0005	85.5881	87.5240	-1.9359
cid22	klepas-Gentle-giants-of-the-sea-3.png	512	512	Default	90	6	42904	43302	0.990809	35.425	29.306	1.2088	5.6860	5.6489	0.0372	79.3600	79.8966	-0.5366
cid22	pexels-photo-2908983.png	512	512	Default	90	6	19888	20156	0.986704	27.884	21.688	1.2856	1.6919	1.8626	-0.1707	84.6824	84.0977	0.5847
cid22	pexels-photo-4672246.png	512	512	Default	90	6	39998	39952	1.001151	41.684	37.854	1.1012	1.9486	2.0845	-0.1359	83.8228	83.8455	-0.0227
cid22	1001682.png	512	512	Photo	25	0	16620	25946	0.640561	5.833	2.938	1.9857	6.4353	6.1510	0.2843	42.9926	45.1366	-2.1440
cid22	1200348.png	512	512	Photo	25	0	6852	8078	0.848230	4.789	2.059	2.3256	7.0859	8.0893	-1.0034	49.1831	51.0267	-1.8436
cid22	146083.png	512	512	Photo	25	0	26136	30724	0.850670	6.485	3.512	1.8465	6.2035	8.6567	-2.4532	51.0445	54.0723	-3.0278
cid22	162511.png	512	512	Photo	25	0	37900	39488	0.959785	7.452	3.905	1.9083	5.1814	6.0331	-0.8517	51.0408	50.3101	0.7308
cid22	207691.png	512	512	Photo	25	0	22248	22636	0.982859	6.096	2.919	2.0882	5.3564	5.6482	-0.2918	52.0404	53.1585	-1.1180
cid22	2290070.png	512	512	Photo	25	0	12878	14248	0.903846	4.982	2.386	2.0884	7.4659	5.6558	1.8101	53.0859	53.1589	-0.0731
cid22	262780.png	512	512	Photo	25	0	15852	17272	0.917786	5.478	2.791	1.9626	5.6035	5.9110	-0.3075	33.3003	37.1844	-3.8841
cid22	3316926_opo25u.png	512	512	Photo	25	0	7006	7706	0.909162	4.843	2.225	2.1761	7.8384	9.6971	-1.8587	51.5084	51.0842	0.4242
cid22	3779828.png	512	512	Photo	25	0	34448	36944	0.932438	7.128	3.907	1.8246	5.2881	4.9701	0.3180	48.5564	49.9893	-1.4330
cid22	5212582.png	512	512	Photo	25	0	2904	2946	0.985743	4.202	1.800	2.3340	6.9356	6.9027	0.0329	54.2037	53.2674	0.9363
cid22	675951.png	512	512	Photo	25	0	15954	17936	0.889496	5.745	2.745	2.0927	7.7131	7.8088	-0.0957	55.3086	55.0133	0.2953
cid22	962312.png	512	512	Photo	25	0	20084	26476	0.758574	5.563	3.017	1.8439	5.0458	5.2053	-0.1594	67.0107	70.5355	-3.5249
cid22	klepas-Gentle-giants-of-the-sea-3.png	512	512	Photo	25	0	16408	18984	0.864307	5.522	3.034	1.8201	6.9246	6.3736	0.5510	52.5231	54.3311	-1.8079
cid22	pexels-photo-2908983.png	512	512	Photo	25	0	4988	5294	0.942199	4.781	2.095	2.2820	6.1859	6.8145	-0.6286	45.1116	45.1207	-0.0091
cid22	pexels-photo-4672246.png	512	512	Photo	25	0	10094	11642	0.867033	5.158	2.408	2.1418	8.0458	8.7105	-0.6647	46.5671	46.9270	-0.3599
cid22	1001682.png	512	512	Photo	25	4	15518	15296	1.014514	16.598	12.141	1.3672	5.4249	5.2757	0.1492	44.5050	43.8003	0.7047
cid22	1200348.png	512	512	Photo	25	4	5684	5574	1.019734	12.634	9.661	1.3077	7.0835	7.9131	-0.8296	50.5186	50.0772	0.4414
cid22	146083.png	512	512	Photo	25	4	23100	23220	0.994832	18.804	14.151	1.3287	5.4917	5.2498	0.2418	51.9377	52.8829	-0.9452
cid22	162511.png	512	512	Photo	25	4	32152	32018	1.004185	19.842	14.871	1.3342	6.1136	5.6455	0.4681	51.4317	51.8387	-0.4070
cid22	207691.png	512	512	Photo	25	4	16144	16362	0.986676	16.542	12.351	1.3393	5.3372	5.5400	-0.2028	52.2805	52.2766	0.0039
cid22	2290070.png	512	512	Photo	25	4	9040	8876	1.018477	13.708	10.314	1.3291	7.4206	7.1180	0.3026	54.1989	52.4970	1.7019
cid22	262780.png	512	512	Photo	25	4	15240	14546	1.047711	16.458	11.833	1.3909	6.1331	5.9482	0.1849	34.1311	32.2738	1.8574
cid22	3316926_opo25u.png	512	512	Photo	25	4	5948	5950	0.999664	13.883	10.314	1.3461	8.8648	7.8880	0.9768	51.0551	52.7120	-1.6569
cid22	3779828.png	512	512	Photo	25	4	28390	28292	1.003464	18.388	13.802	1.3323	5.2382	5.1063	0.1319	47.9038	48.7755	-0.8717
cid22	5212582.png	512	512	Photo	25	4	2628	2490	1.055422	10.895	8.364	1.3026	6.7374	6.7689	-0.0315	55.8911	56.7392	-0.8481
cid22	675951.png	512	512	Photo	25	4	12590	12630	0.996833	15.164	11.304	1.3415	7.5147	6.3034	1.2113	55.5653	54.9647	0.6006
cid22	962312.png	512	512	Photo	25	4	17010	17108	0.994272	13.846	10.870	1.2738	4.7467	4.3511	0.3956	67.6422	67.1970	0.4452
cid22	klepas-Gentle-giants-of-the-sea-3.png	512	512	Photo	25	4	13956	13920	1.002586	13.787	10.143	1.3593	6.3539	6.0101	0.3438	53.2080	53.6106	-0.4026
cid22	pexels-photo-2908983.png	512	512	Photo	25	4	4562	4470	1.020582	12.923	9.422	1.3716	6.6551	6.5407	0.1145	46.2770	46.3882	-0.1111
cid22	pexels-photo-4672246.png	512	512	Photo	25	4	8296	8192	1.012695	14.370	10.935	1.3141	6.7405	6.6464	0.0941	47.4826	46.5355	0.9471
cid22	1001682.png	512	512	Photo	25	6	13956	14192	0.983371	31.442	24.181	1.3003	5.5844	5.3491	0.2353	44.3094	43.5580	0.7513
cid22	1200348.png	512	512	Photo	25	6	5672	5464	1.038067	17.689	12.655	1.3977	7.8589	8.1475	-0.2886	51.0027	50.3839	0.6188
cid22	146083.png	512	512	Photo	25	6	21616	21880	0.987934	35.330	28.166	1.2544	5.5746	5.3925	0.1821	51.9678	53.0946	-1.1268
cid22	162511.png	512	512	Photo	25	6	29688	29914	0.992445	42.171	34.564	1.2201	5.5942	5.3226	0.2716	51.0750	51.4233	-0.3483
cid22	207691.png	512	512	Photo	25	6	15320	15342	0.998566	30.795	22.956	1.3415	5.3411	5.4207	-0.0796	52.1840	52.2519	-0.0678
cid22	2290070.png	512	512	Photo	25	6	8594	8432	1.019213	22.836	15.889	1.4372	5.1854	5.6911	-0.5056	54.7051	51.9932	2.7120
cid22	262780.png	512	512	Photo	25	6	13530	13554	0.998229	30.865	22.876	1.3493	5.7601	6.6427	-0.8826	33.8094	33.1881	0.6214
cid22	3316926_opo25u.png	512	512	Photo	25	6	5904	5834	1.011999	17.836	12.853	1.3877	8.2647	7.8779	0.3868	51.8514	52.9024	-1.0510
cid22	3779828.png	512	512	Photo	25	6	25008	25688	0.973528	43.888	34.058	1.2886	4.7399	5.0275	-0.2876	42.3576	44.0490	-1.6914
cid22	5212582.png	512	512	Photo	25	6	2568	2478	1.036320	13.020	8.951	1.4545	6.6999	6.1999	0.4999	54.4742	56.4880	-2.0139
cid22	675951.png	512	512	Photo	25	6	12392	12222	1.013909	24.374	18.107	1.3461	7.0804	6.5005	0.5799	55.6011	54.3104	1.2907
cid22	962312.png	512	512	Photo	25	6	15754	16154	0.975238	25.878	21.498	1.2037	5.0952	4.7683	0.3269	66.7798	65.8447	0.9351
cid22	klepas-Gentle-giants-of-the-sea-3.png	512	512	Photo	25	6	12916	13124	0.984151	24.222	18.986	1.2758	6.7929	6.2458	0.5470	53.2808	53.7457	-0.4649
cid22	pexels-photo-2908983.png	512	512	Photo	25	6	4632	4450	1.040899	15.411	10.911	1.4125	7.2437	6.5397	0.7039	47.4595	46.8804	0.5791
cid22	pexels-photo-4672246.png	512	512	Photo	25	6	8104	7868	1.029995	21.866	16.123	1.3562	6.8816	7.6005	-0.7189	47.1742	46.3616	0.8126
cid22	1001682.png	512	512	Photo	50	0	26854	42476	0.632216	6.199	3.367	1.8412	4.2147	3.6608	0.5540	59.7240	61.2792	-1.5552
cid22	1200348.png	512	512	Photo	50	0	10184	12160	0.837500	5.213	2.385	2.1853	4.8941	4.8256	0.0685	63.2293	63.5237	-0.2944
cid22	146083.png	512	512	Photo	50	0	39280	43164	0.910018	7.703	4.505	1.7099	3.8232	5.5192	-1.6961	66.8343	66.8045	0.0297
cid22	162511.png	512	512	Photo	50	0	52974	53972	0.981509	8.292	4.798	1.7284	3.4110	4.3863	-0.9753	64.7116	64.4563	0.2553
cid22	207691.png	512	512	Photo	50	0	32226	33140	0.972420	6.583	3.389	1.9425	4.1893	4.0420	0.1472	64.7540	65.4363	-0.6823
cid22	2290070.png	512	512	Photo	50	0	18048	18222	0.990451	5.696	2.922	1.9490	4.1539	3.9624	0.1915	66.1171	67.2863	-1.1691
cid22	262780.png	512	512	Photo	50	0	26092	27742	0.940523	6.298	3.383	1.8615	4.4533	4.6208	-0.1675	53.7615	55.0354	-1.2739
cid22	3316926_opo25u.png	512	512	Photo	50	0	10400	11322	0.918566	5.132	2.386	2.1514	5.2738	5.4803	-0.2064	64.1525	63.6060	0.5464
cid22	3779828.png	512	512	Photo	50	0	47426	50010	0.948330	8.003	4.531	1.7664	3.5891	3.4497	0.1393	63.8080	64.8360	-1.0279
cid22	5212582.png	512	512	Photo	50	0	4020	3904	1.029713	4.404	2.007	2.1944	4.7678	4.8816	-0.1138	64.7437	63.6082	1.1355
cid22	675951.png	512	512	Photo	50	0	23332	26548	0.878861	6.413	3.120	2.0551	4.3978	6.1349	-1.7371	67.0330	67.2015	-0.1685
cid22	962312.png	512	512	Photo	50	0	26748	32572	0.821196	6.090	3.359	1.8131	3.5042	3.5166	-0.0124	75.5285	77.2051	-1.6767
cid22	klepas-Gentle-giants-of-the-sea-3.png	512	512	Photo	50	0	23306	25550	0.912172	5.878	3.289	1.7873	5.3461	5.6690	-0.3229	64.3818	65.5322	-1.1505
cid22	pexels-photo-2908983.png	512	512	Photo	50	0	7460	7720	0.966321	4.942	2.222	2.2240	4.8993	5.2480	-0.3487	60.2162	60.3361	-0.1199
cid22	pexels-photo-4672246.png	512	512	Photo	50	0	15578	17426	0.893952	5.535	2.839	1.9497	4.2629	5.5094	-1.2464	60.5098	61.0313	-0.5215
cid22	1001682.png	512	512	Photo	50	4	24596	24606	0.999594	18.209	13.475	1.3513	3.8462	3.8502	-0.0039	59.7058	59.4719	0.2339
cid22	1200348.png	512	512	Photo	50	4	8158	8124	1.004185	13.686	10.334	1.3243	4.4755	4.9403	-0.4648	64.0056	63.8471	0.1586
cid22	146083.png	512	512	Photo	50	4	36206	36096	1.003047	21.506	16.185	1.3288	3.7748	4.0675	-0.2927	66.6767	66.9775	-0.3008
cid22	162511.png	512	512	Photo	50	4	46454	46436	1.000388	21.883	16.519	1.3247	3.4169	3.4816	-0.0647	64.5630	64.8330	-0.2700
cid22	207691.png	512	512	Photo	50	4	24446	24558	0.995439	18.128	13.566	1.3363	4.0952	3.6391	0.4561	64.6226	64.8420	-0.2194
cid22	2290070.png	512	512	Photo	50	4	12802	12748	1.004236	15.134	11.479	1.3185	3.3698	3.8161	-0.4463	66.3184	65.6173	0.7011
cid22	262780.png	512	512	Photo	50	4	25056	24484	1.023362	18.858	13.741	1.3724	4.3591	4.1538	0.2053	53.0617	52.4351	0.6266
cid22	3316926_opo25u.png	512	512	Photo	50	4	8682	8652	1.003467	14.412	10.604	1.3592	5.8970	6.5624	-0.6654	64.2381	64.5516	-0.3135
cid22	3779828.png	512	512	Photo	50	4	40444	40432	1.000297	20.180	15.007	1.3447	3.3428	3.3808	-0.0380	63.9598	63.5521	0.4077
cid22	5212582.png	512	512	Photo	50	4	3536	3368	1.049881	11.952	8.911	1.3412	4.1498	4.3467	-0.1969	65.7420	66.5404	-0.7984
cid22	675951.png	512	512	Photo	50	4	18362	18566	0.989012	16.388	12.216	1.3415	5.1018	4.7776	0.3242	66.7533	67.3780	-0.6247
cid22	962312.png	512	512	Photo	50	4	23274	23272	1.000086	15.008	11.557	1.2986	3.1060	3.3515	-0.2455	75.6470	75.3954	0.2517
cid22	klepas-Gentle-giants-of-the-sea-3.png	512	512	Photo	50	4	19814	19984	0.991493	14.851	11.375	1.3056	5.1395	5.9982	-0.8587	65.2733	65.5008	-0.2275
cid22	pexels-photo-2908983.png	512	512	Photo	50	4	6754	6672	1.012290	13.409	10.311	1.3004	5.1675	5.3383	-0.1707	61.1881	60.3731	0.8150
cid22	pexels-photo-4672246.png	512	512	Photo	50	4	12792	12816	0.998127	15.809	11.847	1.3344	4.2829	4.8427	-0.5598	59.9907	60.2677	-0.2770
cid22	1001682.png	512	512	Photo	50	6	22796	23218	0.981824	39.875	31.874	1.2510	3.8274	4.0729	-0.2456	59.3744	59.1653	0.2091
cid22	1200348.png	512	512	Photo	50	6	8060	7984	1.009519	20.256	14.768	1.3716	4.4461	4.5067	-0.0606	63.9016	63.6086	0.2930
cid22	146083.png	512	512	Photo	50	6	32980	33720	0.978055	44.535	37.858	1.1764	3.7572	3.5250	0.2322	65.9315	66.5996	-0.6681
cid22	162511.png	512	512	Photo	50	6	43924	44046	0.997230	54.339	44.618	1.2179	3.4823	3.5338	-0.0515	64.5749	64.5728	0.0022
cid22	207691.png	512	512	Photo	50	6	23392	23210	1.007841	37.494	30.162	1.2431	3.6807	4.1673	-0.4867	64.5513	64.7787	-0.2275
cid22	2290070.png	512	512	Photo	50	6	12068	12156	0.992761	26.510	19.999	1.3256	4.1240	3.6813	0.4426	66.0279	64.9909	1.0370
cid22	262780.png	512	512	Photo	50	6	22262	22836	0.974864	39.525	29.900	1.3219	4.4938	4.3682	0.1255	53.4698	53.2225	0.2473
cid22	3316926_opo25u.png	512	512	Photo	50	6	8624	8456	1.019868	21.368	15.072	1.4177	5.2811	5.5028	-0.2218	64.6299	64.7800	-0.1502
cid22	3779828.png	512	512	Photo	50	6	38570	39166	0.984783	48.075	42.312	1.1362	3.8377	3.4372	0.4005	61.0366	61.6647	-0.6282
cid22	5212582.png	512	512	Photo	50	6	3530	3374	1.046236	13.863	9.778	1.4178	4.1216	4.4685	-0.3469	65.3377	66.7477	-1.4100
cid22	675951.png	512	512	Photo	50	6	18074	17876	1.011076	30.670	23.480	1.3062	5.8776	4.7990	1.0787	67.0542	67.3296	-0.2754
cid22	962312.png	512	512	Photo	50	6	22392	22588	0.991323	31.247	25.437	1.2284	3.2052	3.7618	-0.5566	75.1491	73.2383	1.9109
cid22	klepas-Gentle-giants-of-the-sea-3.png	512	512	Photo	50	6	19060	19454	0.979747	27.800	21.617	1.2860	6.0582	5.8631	0.1951	65.2756	65.5597	-0.2841
cid22	pexels-photo-2908983.png	512	512	Photo	50	6	6594	6622	0.995772	18.150	12.599	1.4406	4.8033	4.4985	0.3048	61.6187	61.1279	0.4908
cid22	pexels-photo-4672246.png	512	512	Photo	50	6	12162	12156	1.000494	25.730	19.048	1.3508	4.9029	4.3991	0.5038	60.7246	60.5033	0.2214
cid22	1001682.png	512	512	Photo	75	0	37096	60482	0.613340	7.467	4.015	1.8599	3.0109	2.9035	0.1074	69.5567	70.4041	-0.8473
cid22	1200348.png	512	512	Photo	75	0	13734	16554	0.829648	5.213	2.486	2.0967	3.7391	3.9471	-0.2080	71.0597	71.4906	-0.4308
cid22	146083.png	512	512	Photo	75	0	53992	57534	0.938436	8.889	4.974	1.7871	2.8812	4.5439	-1.6627	75.0918	74.7998	0.2920
cid22	162511.png	512	512	Photo	75	0	68778	68928	0.997824	9.532	5.724	1.6653	2.5173	2.9474	-0.4302	72.2806	71.9860	0.2945
cid22	207691.png	512	512	Photo	75	0	42850	43072	0.994846	7.889	4.187	1.8840	3.6592	2.9767	0.6825	72.2258	71.8956	0.3302
cid22	2290070.png	512	512	Photo	75	0	22674	22476	1.008809	6.102	3.185	1.9156	3.3524	3.1256	0.2269	72.7603	72.4213	0.3390
cid22	262780.png	512	512	Photo	75	0	38356	40792	0.940282	7.515	4.078	1.8429	3.2766	3.1514	0.1252	65.1670	66.8637	-1.6968
cid22	3316926_opo25u.png	512	512	Photo	75	0	14604	16038	0.910587	5.400	2.568	2.1031	3.8293	3.7920	0.0373	71.9869	71.6057	0.3812
cid22	3779828.png	512	512	Photo	75	0	60240	62668	0.961256	9.186	5.428	1.6922	2.6347	2.4907	0.1441	72.8979	73.8940	-0.9962
cid22	5212582.png	512	512	Photo	75	0	5370	5534	0.970365	4.703	1.988	2.3657	3.5349	3.7727	-0.2379	70.0610	70.2685	-0.2076
cid22	675951.png	512	512	Photo	75	0	30654	35760	0.857215	6.791	3.507	1.9364	3.7043	3.5999	0.1044	73.9011	74.4734	-0.5723
cid22	962312.png	512	512	Photo	75	0	32452	37128	0.874057	6.337	3.879	1.6338	2.2700	2.2008	0.0691	79.4928	80.9459	-1.4531
cid22	klepas-Gentle-giants-of-the-sea-3.png	512	512	Photo	75	0	29502	31958	0.923149	6.762	3.634	1.8609	6.1097	5.9117	0.1980	70.9199	71.2140	-0.2942
cid22	pexels-photo-2908983.png	512	512	Photo	75	0	10364	10996	0.942525	5.229	2.422	2.1594	3.4438	3.7676	-0.3238	68.9898	68.7594	0.2304
cid22	pexels-photo-4672246.png	512	512	Photo	75	0	21934	24204	0.906214	6.294	3.317	1.8978	3.3254	3.6394	-0.3140	69.8098	69.3172	0.4926
cid22	1001682.png	512	512	Photo	75	4	34554	34486	1.001972	18.915	13.881	1.3627	3.0063	2.8868	0.1194	69.5752	69.6481	-0.0730
cid22	1200348.png	512	512	Photo	75	4	10996	11026	0.997279	14.307	11.134	1.2851	3.7508	3.5414	0.2094	71.3188	71.5011	-0.1823
cid22	146083.png	512	512	Photo	75	4	50696	50678	1.000355	21.648	16.980	1.2749	2.5330	2.9685	-0.4355	75.5210	75.8414	-0.3205
cid22	162511.png	512	512	Photo	75	4	62438	61760	1.010978	23.664	17.736	1.3343	2.4491	2.5418	-0.0927	72.7891	72.9566	-0.1674
cid22	207691.png	512	512	Photo	75	4	34222	34684	0.986680	19.676	14.706	1.3379	3.0640	3.1847	-0.1207	72.1670	72.4760	-0.3090
cid22	2290070.png	512	512	Photo	75	4	16916	16480	1.026456	15.827	11.894	1.3307	2.8215	2.9056	-0.0841	73.3135	72.8457	0.4678
cid22	262780.png	512	512	Photo	75	4	36716	36738	0.999401	21.087	15.457	1.3642	3.3806	3.3209	0.0597	65.2922	65.1507	0.1414
cid22	3316926_opo25u.png	512	512	Photo	75	4	12036	12092	0.995369	16.061	11.381	1.4113	3.9337	3.9880	-0.0543	71.9686	72.4857	-0.5171
cid22	3779828.png	512	512	Photo	75	4	52848	52746	1.001934	20.479	15.800	1.2962	2.6809	2.4483	0.2325	73.2497	73.3532	-0.1035
cid22	5212582.png	512	512	Photo	75	4	4764	4478	1.063868	13.040	9.382	1.3899	3.4510	3.7582	-0.3072	71.3606	71.9278	-0.5672
cid22	675951.png	512	512	Photo	75	4	25186	24930	1.010269	17.580	13.041	1.3481	3.7002	3.6064	0.0938	74.3557	74.3516	0.0042
cid22	962312.png	512	512	Photo	75	4	28846	28764	1.002851	16.313	12.284	1.3279	2.0745	2.2030	-0.1285	79.8445	80.6208	-0.7763
cid22	klepas-Gentle-giants-of-the-sea-3.png	512	512	Photo	75	4	25638	25684	0.998209	15.452	12.253	1.2611	5.4152	5.7748	-0.3596	71.2841	72.3628	-1.0788
cid22	pexels-photo-2908983.png	512	512	Photo	75	4	9190	9262	0.992226	14.130	10.304	1.3713	3.5962	3.6340	-0.0378	69.6453	69.2198	0.4255
cid22	pexels-photo-4672246.png	512	512	Photo	75	4	18222	18052	1.009417	16.361	12.136	1.3481	3.2643	3.5925	-0.3282	69.8875	69.6182	0.2692
cid22	1001682.png	512	512	Photo	75	6	32682	32908	0.993132	46.604	37.471	1.2438	3.0617	2.9042	0.1575	69.5646	69.5846	-0.0201
cid22	1200348.png	512	512	Photo	75	6	10828	10794	1.003150	21.254	16.625	1.2784	3.4331	4.0857	-0.6526	71.2899	71.0700	0.2200
cid22	146083.png	512	512	Photo	75	6	46920	47476	0.988289	54.156	44.951	1.2048	2.7813	2.7099	0.0715	75.0509	75.5576	-0.5068
cid22	162511.png	512	512	Photo	75	6	58832	58716	1.001976	61.618	50.733	1.2145	2.5712	2.6296	-0.0584	72.3821	72.8300	-0.4479
cid22	207691.png	512	512	Photo	75	6	32466	32614	0.995462	44.471	35.518	1.2521	3.2668	3.1833	0.0836	71.9689	72.0147	-0.0457
cid22	2290070.png	512	512	Photo	75	6	16020	15834	1.011747	28.520	22.742	1.2541	2.9988	3.1557	-0.1569	72.9465	72.1249	0.8216
cid22	262780.png	512	512	Photo	75	6	33130	33464	0.990019	47.825	38.614	1.2386	3.3107	3.3061	0.0046	64.9636	65.1630	-0.1994
cid22	3316926_opo25u.png	512	512	Photo	75	6	11754	11794	0.996608	24.306	17.327	1.4028	3.7980	4.3021	-0.5041	71.7936	73.0461	-1.2525
cid22	3779828.png	512	512	Photo	75	6	50664	51408	0.985528	55.679	46.888	1.1875	2.3809	2.3848	-0.0039	72.8218	73.3711	-0.5493
cid22	5212582.png	512	512	Photo	75	6	4752	4450	1.067865	17.227	11.498	1.4983	3.5148	3.7019	-0.1871	71.7672	71.9290	-0.1618
cid22	675951.png	512	512	Photo	75	6	24584	24160	1.017550	33.574	26.262	1.2784	3.6840	3.8439	-0.1599	74.2731	74.1994	0.0737
cid22	962312.png	512	512	Photo	75	6	28124	28268	0.994906	33.422	27.075	1.2344	2.7524	2.6004	0.1521	78.5038	79.2042	-0.7004
cid22	klepas-Gentle-giants-of-the-sea-3.png	512	512	Photo	75	6	24718	25080	0.985566	28.901	22.930	1.2604	5.3430	5.6427	-0.2997	71.6445	72.5047	-0.8603
cid22	pexels-photo-2908983.png	512	512	Photo	75	6	9342	9250	1.009946	20.283	14.730	1.3770	3.7904	3.8545	-0.0640	70.3989	69.9824	0.4165
cid22	pexels-photo-4672246.png	512	512	Photo	75	6	17228	17272	0.997453	29.286	22.925	1.2774	3.3105	3.5805	-0.2700	69.4746	69.9167	-0.4421
cid22	1001682.png	512	512	Photo	90	0	72832	99080	0.735083	10.546	7.083	1.4889	1.5718	1.5605	0.0113	82.9753	83.1815	-0.2062
cid22	1200348.png	512	512	Photo	90	0	26950	27624	0.975601	6.745	4.216	1.5998	2.9765	2.9661	0.0105	82.1449	82.5775	-0.4327
cid22	146083.png	512	512	Photo	90	0	96836	94316	1.026719	12.419	8.295	1.4971	1.4281	2.1666	-0.7385	86.5029	86.2676	0.2353
cid22	162511.png	512	512	Photo	90	0	115646	109696	1.054241	13.766	9.055	1.5203	1.8837	1.8258	0.0578	82.6367	82.1117	0.5251
cid22	207691.png	512	512	Photo	90	0	78882	80760	0.976746	10.610	6.769	1.5675	1.6604	1.6093	0.0512	81.9295	81.5806	0.3490
cid22	2290070.png	512	512	Photo	90	0	40886	37458	1.091516	7.779	4.564	1.7044	1.8243	1.6554	0.1690	83.2784	83.2757	0.0027
cid22	262780.png	512	512	Photo	90	0	83702	83344	1.004295	12.123	7.536	1.6086	1.5958	1.8483	-0.2525	82.7453	82.3802	0.3651
cid22	3316926_opo25u.png	512	512	Photo	90	0	32982	29646	1.112528	7.115	4.337	1.6406	1.8136	2.1130	-0.2994	84.6182	84.3430	0.2752
cid22	3779828.png	512	512	Photo	90	0	97398	96812	1.006053	12.036	8.373	1.4374	1.4396	1.4613	-0.0217	84.6412	84.9484	-0.3072
cid22	5212582.png	512	512	Photo	90	0	12274	11954	1.026769	5.632	3.470	1.6232	2.1406	2.0129	0.1277	80.6769	82.0834	-1.4064
cid22	675951.png	512	512	Photo	90	0	59212	59420	0.996499	9.104	6.000	1.5173	2.0199	2.0678	-0.0479	83.9412	83.5492	0.3920
cid22	962312.png	512	512	Photo	90	0	47144	47414	0.994305	7.241	5.283	1.3706	1.6504	1.7952	-0.1448	86.6750	86.4547	0.2204
cid22	klepas-Gentle-giants-of-the-sea-3.png	512	512	Photo	90	0	49740	49100	1.013035	8.189	5.506	1.4873	5.3793	5.7548	-0.3755	79.0169	78.8988	0.1181
cid22	pexels-photo-2908983.png	512	512	Photo	90	0	25082	22756	1.102215	6.970	4.086	1.7058	1.8768	1.9926	-0.1158	83.6692	83.2189	0.4503
cid22	pexels-photo-4672246.png	512	512	Photo	90	0	48260	44228	1.091164	8.494	5.356	1.5857	2.2571	2.4706	-0.2135	83.5279	82.3315	1.1964
cid22	1001682.png	512	512	Photo	90	4	69380	69734	0.994924	22.411	17.593	1.2738	1.3948	1.3957	-0.0009	83.0899	83.1970	-0.1071
cid22	1200348.png	512	512	Photo	90	4	22882	22338	1.024353	16.700	12.284	1.3595	2.7626	2.7546	0.0080	83.0834	83.1895	-0.1062
cid22	146083.png	512	512	Photo	90	4	92286	93670	0.985225	25.264	19.752	1.2790	1.2975	1.2185	0.0791	86.6543	87.0868	-0.4325
cid22	162511.png	512	512	Photo	90	4	108886	108474	1.003798	26.786	20.792	1.2883	1.6944	1.7200	-0.0257	82.8259	82.7091	0.1168
cid22	207691.png	512	512	Photo	90	4	70522	70536	0.999802	23.204	18.287	1.2689	1.5368	1.5835	-0.0466	82.0726	82.1982	-0.1256
cid22	2290070.png	512	512	Photo	90	4	32242	32270	0.999132	18.856	13.362	1.4112	1.5197	1.5539	-0.0342	83.5849	83.7785	-0.1936
cid22	262780.png	512	512	Photo	90	4	83050	80370	1.033346	26.843	18.799	1.4279	1.5685	1.7201	-0.1515	82.8411	82.8647	-0.0236
cid22	3316926_opo25u.png	512	512	Photo	90	4	28298	29538	0.958020	19.933	14.455	1.3790	1.9513	1.9471	0.0043	85.0301	85.5868	-0.5567
cid22	3779828.png	512	512	Photo	90	4	89108	89580	0.994731	23.525	18.438	1.2759	1.3562	1.3436	0.0126	84.6169	84.9767	-0.3598
cid22	5212582.png	512	512	Photo	90	4	11824	10644	1.110861	16.007	11.349	1.4104	1.8215	2.1057	-0.2841	82.7761	82.3046	0.4715
cid22	675951.png	512	512	Photo	90	4	52640	52556	1.001598	22.484	15.909	1.4133	2.2173	2.2239	-0.0066	84.1006	84.2076	-0.1070
cid22	962312.png	512	512	Photo	90	4	43056	43182	0.997082	18.243	13.403	1.3611	1.5278	1.7182	-0.1904	87.4095	87.4422	-0.0327
cid22	klepas-Gentle-giants-of-the-sea-3.png	512	512	Photo	90	4	43516	43288	1.005267	17.305	13.369	1.2944	5.5806	5.5489	0.0317	79.2802	79.4646	-0.1844
cid22	pexels-photo-2908983.png	512	512	Photo	90	4	22900	21514	1.064423	17.149	12.409	1.3819	1.8342	1.9247	-0.0905	84.8594	84.1898	0.6696
cid22	pexels-photo-4672246.png	512	512	Photo	90	4	43196	42982	1.004979	21.852	16.597	1.3167	2.0029	2.0743	-0.0714	83.4786	83.6483	-0.1698
cid22	1001682.png	512	512	Photo	90	6	67938	68256	0.995341	55.936	49.785	1.1235	1.4517	1.5854	-0.1337	83.3021	83.0361	0.2660
cid22	1200348.png	512	512	Photo	90	6	22664	22058	1.027473	29.979	23.334	1.2848	3.0179	3.0322	-0.0142	83.3091	82.9569	0.3521
cid22	146083.png	512	512	Photo	90	6	89178	90990	0.980086	64.233	59.375	1.0818	1.3377	1.4008	-0.0631	86.4621	86.9797	-0.5176
cid22	162511.png	512	512	Photo	90	6	105412	105758	0.996728	66.432	59.950	1.1081	1.7843	1.7656	0.0186	82.6521	82.6914	-0.0393
cid22	207691.png	512	512	Photo	90	6	68152	67082	1.015951	56.518	49.934	1.1319	1.5403	1.5890	-0.0486	82.0039	82.1106	-0.1067
cid22	2290070.png	512	512	Photo	90	6	31010	31148	0.995570	35.901	28.824	1.2455	1.6078	1.6627	-0.0548	83.4140	83.5037	-0.0897
cid22	262780.png	512	512	Photo	90	6	79916	76904	1.039166	66.686	58.674	1.1365	1.7760	1.6295	0.1465	82.5540	82.6810	-0.1270
cid22	3316926_opo25u.png	512	512	Photo	90	6	26392	28450	0.927663	34.055	27.726	1.2283	1.8036	1.8995	-0.0959	84.9891	85.5764	-0.5873
cid22	3779828.png	512	512	Photo	90	6	87426	88400	0.988982	62.121	52.494	1.1834	1.3562	1.3501	0.0061	84.6047	84.9383	-0.3336
cid22	5212582.png	512	512	Photo	90	6	11626	10480	1.109351	20.340	15.974	1.2734	1.8212	1.8339	-0.0127	82.9003	82.4508	0.4495
cid22	675951.png	512	512	Photo	90	6	51790	50800	1.019488	44.878	39.325	1.1412	2.1852	2.4836	-0.2984	84.3280	84.2539	0.0741
cid22	962312.png	512	512	Photo	90	6	42480	42764	0.993359	34.744	29.268	1.1871	1.5290	1.7139	-0.1850	87.1753	87.5381	-0.3629
cid22	klepas-Gentle-giants-of-the-sea-3.png	512	512	Photo	90	6	42866	42526	1.007995	36.513	28.816	1.2671	5.9340	5.3671	0.5668	79.3810	79.6563	-0.2753
cid22	pexels-photo-2908983.png	512	512	Photo	90	6	20660	21132	0.977664	25.600	20.020	1.2787	1.7341	1.7755	-0.0415	84.6577	84.1644	0.4934
cid22	pexels-photo-4672246.png	512	512	Photo	90	6	39844	39804	1.001005	40.860	34.511	1.1840	2.0764	2.1423	-0.0659	83.5620	83.5623	-0.0003
cid22	1001682.png	512	512	Drawing	25	0	19122	27164	0.703946	5.542	2.844	1.9487	5.3079	4.5835	0.7244	42.7067	44.3037	-1.5970
cid22	1200348.png	512	512	Drawing	25	0	7734	8472	0.912890	4.685	2.094	2.2378	6.3297	5.8079	0.5218	47.1345	47.5525	-0.4181
cid22	146083.png	512	512	Drawing	25	0	26540	29340	0.904567	6.176	3.422	1.8047	4.9172	7.3397	-2.4225	53.6292	54.2749	-0.6457
cid22	162511.png	512	512	Drawing	25	0	37680	39576	0.952092	7.422	4.039	1.8376	4.4377	5.3513	-0.9136	51.8529	52.3505	-0.4976
cid22	207691.png	512	512	Drawing	25	0	24102	24624	0.978801	6.317	3.008	2.1003	4.9980	4.5638	0.4342	54.0287	54.2718	-0.2431
cid22	2290070.png	512	512	Drawing	25	0	14202	14764	0.961934	5.389	2.521	2.1372	5.5865	4.9351	0.6515	50.7948	51.6661	-0.8713
cid22	262780.png	512	512	Drawing	25	0	16036	16526	0.970350	5.226	2.580	2.0258	5.6754	5.6241	0.0513	32.1078	33.8965	-1.7887
cid22	3316926_opo25u.png	512	512	Drawing	25	0	7448	8190	0.909402	5.004	2.241	2.2330	6.6370	6.1572	0.4797	48.1260	48.0000	0.1259
cid22	3779828.png	512	512	Drawing	25	0	36644	37026	0.989683	7.185	3.779	1.9012	4.2597	4.3386	-0.0789	52.1874	51.9072	0.2802
cid22	5212582.png	512	512	Drawing	25	0	3064	3000	1.021333	4.467	1.892	2.3608	5.8742	5.8274	0.0468	47.6788	45.0987	2.5801
cid22	675951.png	512	512	Drawing	25	0	17064	19052	0.895654	5.810	2.753	2.1106	6.9066	7.9702	-1.0636	55.5569	56.5253	-0.9684
cid22	962312.png	512	512	Drawing	25	0	23084	26476	0.871884	5.519	2.926	1.8862	5.1541	5.4115	-0.2574	66.8214	67.5059	-0.6845
cid22	klepas-Gentle-giants-of-the-sea-3.png	512	512	Drawing	25	0	18816	19896	0.945718	5.710	2.888	1.9767	5.6794	5.6946	-0.0151	51.9995	52.2616	-0.2621
cid22	pexels-photo-2908983.png	512	512	Drawing	25	0	5170	5450	0.948624	4.692	2.104	2.2301	6.0350	6.6039	-0.5689	41.8084	42.3692	-0.5608
cid22	pexels-photo-4672246.png	512	512	Drawing	25	0	11334	12494	0.907155	5.269	2.519	2.0920	6.8814	6.1760	0.7054	45.1649	45.6993	-0.5345
cid22	1001682.png	512	512	Drawing	25	4	17594	17514	1.004568	16.199	12.336	1.3131	5.2297	4.6702	0.5595	43.0312	44.9247	-1.8935
cid22	1200348.png	512	512	Drawing	25	4	6234	6134	1.016303	12.413	9.360	1.3262	7.1326	5.9310	1.2016	48.7643	52.6758	-3.9115
cid22	146083.png	512	512	Drawing	25	4	23722	23830	0.995468	18.672	13.998	1.3339	5.5680	6.1447	-0.5766	53.8261	54.1041	-0.2780
cid22	162511.png	512	512	Drawing	25	4	31740	31740	1.000000	20.302	15.183	1.3371	4.7027	5.4532	-0.7505	51.8070	52.0826	-0.2756
cid22	207691.png	512	512	Drawing	25	4	17914	17762	1.008558	16.454	12.257	1.3424	4.5487	4.8745	-0.3258	53.6529	55.2178	-1.5649
cid22	2290070.png	512	512	Drawing	25	4	9850	9804	1.004692	13.259	10.004	1.3254	4.9687	4.8925	0.0762	51.7853	54.3796	-2.5943
cid22	262780.png	512	512	Drawing	25	4	14646	14684	0.997412	17.142	12.510	1.3703	6.4269	5.4735	0.9535	32.4790	34.9970	-2.5180
cid22	3316926_opo25u.png	512	512	Drawing	25	4	6206	6072	1.022069	13.662	10.172	1.3431	6.3729	7.3840	-1.0111	48.7704	53.7335	-4.9631
cid22	3779828.png	512	512	Drawing	25	4	30822	30644	1.005809	17.891	14.105	1.2684	3.8223	4.2130	-0.3907	51.7366	51.2195	0.5171
cid22	5212582.png	512	512	Drawing	25	4	2622	2546	1.029851	10.836	8.475	1.2786	5.2799	5.0382	0.2417	50.4439	58.3927	-7.9488
cid22	675951.png	512	512	Drawing	25	4	13816	13598	1.016032	15.108	11.249	1.3431	5.7742	6.7053	-0.9310	56.1996	57.5487	-1.3491
cid22	962312.png	512	512	Drawing	25	4	20166	20058	1.005384	13.859	11.100	1.2485	4.2926	3.9587	0.3339	68.2653	68.8047	-0.5394
cid22	klepas-Gentle-giants-of-the-sea-3.png	512	512	Drawing	25	4	16078	16198	0.992592	13.265	10.426	1.2724	6.0753	6.0808	-0.0055	52.0747	56.8033	-4.7286
cid22	pexels-photo-2908983.png	512	512	Drawing	25	4	4690	4604	1.018679	11.843	8.793	1.3469	5.5346	5.4555	0.0791	44.6954	48.8972	-4.2019
cid22	pexels-photo-4672246.png	512	512	Drawing	25	4	9334	9192	1.015448	14.409	11.259	1.2797	5.8077	5.9221	-0.1145	45.6791	49.1516	-3.4724
cid22	1001682.png	512	512	Drawing	25	6	15920	16322	0.975371	30.566	24.193	1.2634	4.6800	4.6867	-0.0067	43.8475	45.2276	-1.3801
cid22	1200348.png	512	512	Drawing	25	6	6172	6026	1.024228	16.042	12.126	1.3230	6.3349	5.2978	1.0371	48.9511	52.7610	-3.8099
cid22	146083.png	512	512	Drawing	25	6	21694	22116	0.980919	37.757	28.519	1.3239	5.4048	4.8752	0.5296	53.4905	54.4145	-0.9240
cid22	162511.png	512	512	Drawing	25	6	28964	29674	0.976073	43.955	35.741	1.2298	4.6547	4.8440	-0.1893	51.6152	51.6071	0.0081
cid22	207691.png	512	512	Drawing	25	6	16906	16840	1.003919	31.677	24.692	1.2829	4.2776	4.4328	-0.1552	53.1781	54.9813	-1.8032
cid22	2290070.png	512	512	Drawing	25	6	9308	9286	1.002369	22.479	16.906	1.3296	5.3517	5.4462	-0.0945	51.8297	53.4753	-1.6456
cid22	262780.png	512	512	Drawing	25	6	13150	13420	0.979881	28.939	22.116	1.3085	4.9659	5.1546	-0.1887	32.7603	35.6764	-2.9162
cid22	3316926_opo25u.png	512	512	Drawing	25	6	6164	5956	1.034923	18.785	13.511	1.3904	5.7298	7.1736	-1.4438	48.9906	53.9056	-4.9150
cid22	3779828.png	512	512	Drawing	25	6	28586	29178	0.979711	44.710	37.197	1.2020	4.0167	4.0023	0.0144	49.2580	49.9384	-0.6804
cid22	5212582.png	512	512	Drawing	25	6	2628	2538	1.035461	12.653	9.670	1.3084	5.0155	5.1242	-0.1087	50.3165	57.5301	-7.2136
cid22	675951.png	512	512	Drawing	25	6	13368	13122	1.018747	25.892	19.478	1.3293	6.9670	6.0080	0.9590	56.1131	57.5953	-1.4821
cid22	962312.png	512	512	Drawing	25	6	19142	19274	0.993151	27.975	23.465	1.1922	4.2379	4.7838	-0.5459	67.2685	67.8380	-0.5695
cid22	klepas-Gentle-giants-of-the-sea-3.png	512	512	Drawing	25	6	15242	15536	0.981076	24.710	20.299	1.2173	5.6090	5.7054	-0.0963	53.1400	57.1604	-4.0204
cid22	pexels-photo-2908983.png	512	512	Drawing	25	6	4626	4572	1.011811	15.916	11.423	1.3933	7.0989	5.4933	1.6056	44.4465	49.3496	-4.9030
cid22	pexels-photo-4672246.png	512	512	Drawing	25	6	8840	8738	1.011673	21.785	16.289	1.3374	5.8649	5.9715	-0.1066	45.8796	49.3281	-3.4485
cid22	1001682.png	512	512	Drawing	50	0	29384	42714	0.687924	6.742	3.498	1.9273	3.6217	3.4445	0.1772	59.3217	60.1170	-0.7953
cid22	1200348.png	512	512	Drawing	50	0	11038	12666	0.871467	5.240	2.338	2.2410	4.1578	4.6256	-0.4679	61.9473	62.4781	-0.5308
cid22	146083.png	512	512	Drawing	50	0	39202	41934	0.934850	7.534	4.176	1.8041	3.6257	4.5872	-0.9614	66.5429	66.6143	-0.0714
cid22	162511.png	512	512	Drawing	50	0	52254	53284	0.980670	8.566	4.838	1.7705	3.4019	3.4182	-0.0163	64.5368	64.1567	0.3801
cid22	207691.png	512	512	Drawing	50	0	33828	35288	0.958626	7.108	3.594	1.9777	3.5119	3.5547	-0.0427	64.8908	65.4218	-0.5309
cid22	2290070.png	512	512	Drawing	50	0	19100	18840	1.013800	5.745	2.836	2.0257	3.7232	4.0455	-0.3223	64.3702	65.3834	-1.0132
cid22	262780.png	512	512	Drawing	50	0	25754	26942	0.955905	6.689	3.470	1.9279	3.9138	3.5706	0.3432	52.4340	53.6852	-1.2512
cid22	3316926_opo25u.png	512	512	Drawing	50	0	10928	11792	0.926730	5.336	2.399	2.2241	4.9755	4.6893	0.2861	62.3816	62.5524	-0.1708
cid22	3779828.png	512	512	Drawing	50	0	49316	49680	0.992673	8.493	4.586	1.8519	3.2197	3.4195	-0.1998	64.8127	65.6881	-0.8753
cid22	5212582.png	512	512	Drawing	50	0	4240	4134	1.025641	4.382	1.882	2.3289	4.7867	4.1479	0.6389	60.2303	60.6628	-0.4326
cid22	675951.png	512	512	Drawing	50	0	24642	27976	0.880826	6.514	3.158	2.0629	4.9815	5.0110	-0.0294	66.9086	67.4473	-0.5388
cid22	962312.png	512	512	Drawing	50	0	29714	32572	0.912256	5.902	3.341	1.7666	2.8985	3.5534	-0.6549	75.4785	75.7033	-0.2248
cid22	klepas-Gentle-giants-of-the-sea-3.png	512	512	Drawing	50	0	25540	25962	0.983745	6.773	3.232	2.0955	5.4245	5.0828	0.3417	63.8396	63.8163	0.0233
cid22	pexels-photo-2908983.png	512	512	Drawing	50	0	7596	7870	0.965184	4.879	2.626	1.8583	4.0912	4.1620	-0.0709	58.6196	59.6534	-1.0338
cid22	pexels-photo-4672246.png	512	512	Drawing	50	0	16916	18390	0.919848	5.698	2.871	1.9844	3.9968	4.2572	-0.2604	59.8539	60.7939	-0.9399
cid22	1001682.png	512	512	Drawing	50	4	27516	27176	1.012511	17.408	13.654	1.2750	3.4915	3.2298	0.2617	59.8654	59.9350	-0.0696
cid22	1200348.png	512	512	Drawing	50	4	8774	8738	1.004120	14.052	10.533	1.3341	4.2833	3.9661	0.3172	62.3486	64.8215	-2.4729
cid22	146083.png	512	512	Drawing	50	4	36022	35770	1.007045	19.849	15.526	1.2784	3.6012	3.6821	-0.0809	66.4442	66.9761	-0.5319
cid22	162511.png	512	512	Drawing	50	4	45572	45618	0.998992	22.029	16.885	1.3046	3.2014	3.2526	-0.0513	64.6562	64.0028	0.6534
cid22	207691.png	512	512	Drawing	50	4	26476	26404	1.002727	17.599	12.935	1.3605	3.3404	3.2888	0.0516	65.2646	66.1669	-0.9023
cid22	2290070.png	512	512	Drawing	50	4	13670	13578	1.006776	14.103	11.635	1.2121	3.8661	3.7997	0.0663	65.0532	66.4911	-1.4378
cid22	262780.png	512	512	Drawing	50	4	24280	23752	1.022230	19.117	13.832	1.3821	3.6790	3.8871	-0.2081	52.1718	52.3778	-0.2060
cid22	3316926_opo25u.png	512	512	Drawing	50	4	8886	8776	1.012534	14.840	10.998	1.3493	4.5612	5.4154	-0.8541	62.4552	65.4838	-3.0286
cid22	3779828.png	512	512	Drawing	50	4	42532	42472	1.001413	20.650	14.654	1.4091	2.8373	2.8605	-0.0232	65.1683	64.9560	0.2122
cid22	5212582.png	512	512	Drawing	50	4	3524	3514	1.002846	11.268	8.722	1.2920	4.1465	3.7415	0.4050	61.5592	68.0644	-6.5052
cid22	675951.png	512	512	Drawing	50	4	19776	19702	1.003756	17.108	12.208	1.4014	4.8804	5.0605	-0.1802	67.2670	68.4812	-1.2142
cid22	962312.png	512	512	Drawing	50	4	26414	26304	1.004182	14.648	11.522	1.2713	2.8104	2.6730	0.1373	75.8385	77.1508	-1.3123
cid22	klepas-Gentle-giants-of-the-sea-3.png	512	512	Drawing	50	4	22096	21956	1.006376	14.520	11.134	1.3041	5.5839	5.6084	-0.0245	64.0049	66.7519	-2.7470
cid22	pexels-photo-2908983.png	512	512	Drawing	50	4	6604	6506	1.015063	13.552	10.094	1.3426	4.9253	4.0768	0.8485	59.4861	60.9149	-1.4287
cid22	pexels-photo-4672246.png	512	512	Drawing	50	4	14026	13914	1.008049	15.588	11.745	1.3272	4.0136	4.0317	-0.0181	60.2543	62.0947	-1.8404
cid22	1001682.png	512	512	Drawing	50	6	25008	25742	0.971486	39.821	31.571	1.2613	3.6290	3.4344	0.1947	58.8812	60.3653	-1.4841
cid22	1200348.png	512	512	Drawing	50	6	8546	8522	1.002816	19.341	14.702	1.3156	3.7315	3.9301	-0.1986	62.5181	64.7478	-2.2296
cid22	146083.png	512	512	Drawing	50	6	32858	33234	0.988686	47.120	37.157	1.2681	4.1959	3.6691	0.5269	66.0997	66.7594	-0.6597
cid22	162511.png	512	512	Drawing	50	6	42560	43094	0.987608	52.227	43.494	1.2008	3.2832	3.4000	-0.1169	63.9783	63.4916	0.4867
cid22	207691.png	512	512	Drawing	50	6	24970	24994	0.999040	37.732	30.232	1.2481	3.3088	3.6767	-0.3680	64.3752	65.4775	-1.1023
cid22	2290070.png	512	512	Drawing	50	6	12982	12932	1.003866	25.682	19.590	1.3110	3.6552	3.7652	-0.1101	64.5792	65.8186	-1.2394
cid22	262780.png	512	512	Drawing	50	6	21566	21900	0.984749	37.047	30.073	1.2319	3.6384	3.8633	-0.2249	51.9623	52.7390	-0.7767
cid22	3316926_opo25u.png	512	512	Drawing	50	6	8734	8606	1.014873	22.504	16.443	1.3686	4.4146	4.5520	-0.1374	62.8255	65.9132	-3.0877
cid22	3779828.png	512	512	Drawing	50	6	40478	41252	0.981237	52.656	41.076	1.2819	3.0001	3.0650	-0.0649	64.6896	65.2363	-0.5467
cid22	5212582.png	512	512	Drawing	50	6	3508	3472	1.010369	14.755	10.024	1.4719	3.8677	3.8004	0.0672	61.4815	68.0261	-6.5446
cid22	675951.png	512	512	Drawing	50	6	19186	18988	1.010428	28.436	22.922	1.2406	5.4465	4.6144	0.8321	67.2838	68.4363	-1.1526
cid22	962312.png	512	512	Drawing	50	6	25634	25712	0.996966	30.630	25.858	1.1846	2.9135	2.8399	0.0735	75.1042	76.5117	-1.4075
cid22	klepas-Gentle-giants-of-the-sea-3.png	512	512	Drawing	50	6	21362	21392	0.998598	28.746	22.061	1.3030	5.5926	5.8488	-0.2561	63.8959	67.2532	-3.3573
cid22	pexels-photo-2908983.png	512	512	Drawing	50	6	6608	6512	1.014742	17.892	12.911	1.3857	3.9429	3.9612	-0.0183	60.5286	62.0285	-1.4999
cid22	pexels-photo-4672246.png	512	512	Drawing	50	6	13196	13154	1.003193	24.877	19.753	1.2594	3.6941	4.2131	-0.5191	60.6742	62.2319	-1.5578
cid22	1001682.png	512	512	Drawing	75	0	39700	59984	0.661843	7.668	3.991	1.9214	2.7495	2.5097	0.2399	70.0648	70.2276	-0.1628
cid22	1200348.png	512	512	Drawing	75	0	14768	17248	0.856215	5.621	2.693	2.0869	3.5533	3.0132	0.5401	70.5267	70.5892	-0.0625
cid22	146083.png	512	512	Drawing	75	0	52786	54850	0.962370	8.351	4.858	1.7190	2.5838	3.3991	-0.8153	75.2603	74.8957	0.3646
cid22	162511.png	512	512	Drawing	75	0	67654	68936	0.981403	10.335	5.702	1.8126	2.5494	2.7512	-0.2018	72.5690	72.3536	0.2154
cid22	207691.png	512	512	Drawing	75	0	43816	45160	0.970239	7.529	4.052	1.8581	2.7147	3.0701	-0.3554	72.0982	72.0616	0.0366
cid22	2290070.png	512	512	Drawing	75	0	23908	22288	1.072685	6.234	3.176	1.9629	2.9828	2.7967	0.1860	72.4911	72.7468	-0.2556
cid22	262780.png	512	512	Drawing	75	0	37304	39274	0.949840	7.000	3.819	1.8329	2.8770	2.8915	-0.0144	65.5250	66.2196	-0.6946
cid22	3316926_opo25u.png	512	512	Drawing	75	0	14740	16256	0.906742	5.786	2.697	2.1452	3.4647	3.9239	-0.4592	71.4684	71.8327	-0.3643
cid22	3779828.png	512	512	Drawing	75	0	62390	62264	1.002024	9.260	5.468	1.6935	2.4493	2.5333	-0.0840	74.2211	74.4177	-0.1966
cid22	5212582.png	512	512	Drawing	75	0	5586	5550	1.006486	4.555	1.949	2.3375	3.3380	3.3569	-0.0188	68.3686	69.1842	-0.8156
cid22	675951.png	512	512	Drawing	75	0	32068	37516	0.854782	7.189	3.651	1.9691	3.6428	3.7193	-0.0765	73.9069	74.3069	-0.4000
cid22	962312.png	512	512	Drawing	75	0	34908	37124	0.940308	6.677	3.911	1.7071	2.3142	2.4854	-0.1712	79.6863	79.2085	0.4778
cid22	klepas-Gentle-giants-of-the-sea-3.png	512	512	Drawing	75	0	31516	32254	0.977119	6.441	3.477	1.8524	6.1461	5.8472	0.2989	70.8368	71.5270	-0.6902
cid22	pexels-photo-2908983.png	512	512	Drawing	75	0	10514	11014	0.954603	5.072	2.306	2.2000	2.9468	2.9803	-0.0335	69.2146	69.8185	-0.6039
cid22	pexels-photo-4672246.png	512	512	Drawing	75	0	23016	24604	0.935458	6.547	3.253	2.0127	3.5022	3.2513	0.2509	69.2731	69.7784	-0.5053
cid22	1001682.png	512	512	Drawing	75	4	36956	37010	0.998541	19.380	15.138	1.2802	2.6532	2.4906	0.1626	70.1182	70.0015	0.1168
cid22	1200348.png	512	512	Drawing	75	4	11790	11792	0.999830	14.382	11.034	1.3034	2.8603	3.1807	-0.3204	70.9996	72.4706	-1.4710
cid22	146083.png	512	512	Drawing	75	4	49214	49498	0.994262	21.636	16.787	1.2888	2.7385	2.8957	-0.1571	75.6618	75.6955	-0.0338
cid22	162511.png	512	512	Drawing	75	4	60802	60734	1.001120	23.209	17.854	1.2999	2.4964	2.4244	0.0720	72.5423	72.3450	0.1973
cid22	207691.png	512	512	Drawing	75	4	35442	35296	1.004136	19.190	14.666	1.3084	2.6743	2.4947	0.1796	71.8832	73.0493	-1.1661
cid22	2290070.png	512	512	Drawing	75	4	17608	17556	1.002962	15.827	11.804	1.3408	2.6996	2.6709	0.0288	72.7019	73.5780	-0.8761
cid22	262780.png	512	512	Drawing	75	4	35320	35418	0.997233	20.377	14.775	1.3791	2.7897	2.8826	-0.0929	65.3577	65.7638	-0.4061
cid22	3316926_opo25u.png	512	512	Drawing	75	4	12282	12078	1.016890	15.911	12.032	1.3224	2.9054	3.2379	-0.3325	72.4192	73.1614	-0.7422
cid22	3779828.png	512	512	Drawing	75	4	54840	54814	1.000474	21.418	16.323	1.3121	2.3847	2.3467	0.0380	74.1692	74.3134	-0.1442
cid22	5212582.png	512	512	Drawing	75	4	4726	4602	1.026945	12.500	9.294	1.3449	2.9267	3.1737	-0.2470	69.5503	73.1108	-3.5606
cid22	675951.png	512	512	Drawing	75	4	26414	26274	1.005328	18.783	13.201	1.4229	3.3319	3.5841	-0.2522	74.5430	74.8776	-0.3346
cid22	962312.png	512	512	Drawing	75	4	31542	31378	1.005227	15.437	12.083	1.2776	2.2542	2.2524	0.0017	80.2543	81.4339	-1.1796
cid22	klepas-Gentle-giants-of-the-sea-3.png	512	512	Drawing	75	4	27636	27600	1.001304	15.788	12.072	1.3078	5.8821	5.4938	0.3883	71.2558	73.6542	-2.3985
cid22	pexels-photo-2908983.png	512	512	Drawing	75	4	9084	9120	0.996053	14.804	10.806	1.3700	2.8994	3.1135	-0.2142	70.0459	70.3846	-0.3387
cid22	pexels-photo-4672246.png	512	512	Drawing	75	4	19376	19268	1.005605	16.835	12.560	1.3403	3.1375	2.9923	0.1452	69.8884	71.1274	-1.2390
cid22	1001682.png	512	512	Drawing	75	6	34900	35182	0.991985	45.569	37.952	1.2007	2.5805	2.7285	-0.1480	70.0319	70.1955	-0.1637
cid22	1200348.png	512	512	Drawing	75	6	11368	11572	0.982371	22.008	16.736	1.3149	3.1763	3.0982	0.0780	70.1576	72.8012	-2.6435
cid22	146083.png	512	512	Drawing	75	6	45618	46456	0.981961	54.503	47.167	1.1555	2.6974	2.5652	0.1322	75.1674	75.5540	-0.3866
cid22	162511.png	512	512	Drawing	75	6	57360	57802	0.992353	58.075	49.915	1.1635	2.8126	2.4486	0.3640	72.5711	72.0986	0.4725
cid22	207691.png	512	512	Drawing	75	6	33448	33456	0.999761	42.348	33.066	1.2807	2.6587	2.4564	0.2023	71.6917	72.7002	-1.0085
cid22	2290070.png	512	512	Drawing	75	6	17030	16792	1.014173	28.742	23.062	1.2463	2.7420	2.6677	0.0743	72.2212	72.5394	-0.3182
cid22	262780.png	512	512	Drawing	75	6	31830	32946	0.966126	49.250	38.009	1.2957	3.0424	2.9153	0.1271	65.0930	65.9880	-0.8950
cid22	3316926_opo25u.png	512	512	Drawing	75	6	11858	11784	1.006280	23.454	19.040	1.2318	3.6367	3.4977	0.1390	72.1166	73.7646	-1.6480
cid22	3779828.png	512	512	Drawing	75	6	52672	53428	0.985850	53.036	44.919	1.1807	2.4629	2.3891	0.0738	74.3546	74.6192	-0.2646
cid22	5212582.png	512	512	Drawing	75	6	4642	4550	1.020220	16.647	11.837	1.4063	3.2580	3.1025	0.1556	69.0273	73.2342	-4.2069
cid22	675951.png	512	512	Drawing	75	6	25766	25526	1.009402	32.075	25.270	1.2693	3.4327	3.2144	0.2183	74.7758	74.9533	-0.1775
cid22	962312.png	512	512	Drawing	75	6	30776	30860	0.997278	32.909	27.683	1.1888	2.2559	2.2432	0.0127	79.7429	81.0534	-1.3105
cid22	klepas-Gentle-giants-of-the-sea-3.png	512	512	Drawing	75	6	26978	27096	0.995645	30.050	22.896	1.3125	5.8590	6.0369	-0.1779	71.8677	73.8117	-1.9440
cid22	pexels-photo-2908983.png	512	512	Drawing	75	6	9036	8966	1.007807	19.805	14.224	1.3924	2.8285	3.2699	-0.4414	70.2675	70.9573	-0.6897
cid22	pexels-photo-4672246.png	512	512	Drawing	75	6	18288	18242	1.002522	30.424	22.323	1.3629	3.1726	3.1441	0.0285	69.9137	70.7340	-0.8203
cid22	1001682.png	512	512	Drawing	90	0	72974	98190	0.743192	10.023	7.264	1.3799	1.7701	1.5605	0.2096	82.6199	82.9542	-0.3343
cid22	1200348.png	512	512	Drawing	90	0	28072	26864	1.044967	6.419	3.957	1.6222	2.5067	2.6697	-0.1630	82.1345	82.5786	-0.4441
cid22	146083.png	512	512	Drawing	90	0	92076	92170	0.998980	12.272	8.099	1.5152	1.5149	1.9969	-0.4819	86.4788	86.2658	0.2130
cid22	162511.png	512	512	Drawing	90	0	112282	110472	1.016384	13.280	9.627	1.3794	1.8520	1.8216	0.0305	82.2274	82.2188	0.0086
cid22	207691.png	512	512	Drawing	90	0	78860	82068	0.960910	10.216	6.712	1.5221	1.4755	1.6176	-0.1422	81.6201	81.3859	0.2342
cid22	2290070.png	512	512	Drawing	90	0	40138	36804	1.090588	7.839	4.845	1.6180	1.8382	1.6564	0.1818	82.9049	83.1378	-0.2329
cid22	262780.png	512	512	Drawing	90	0	75950	80224	0.946724	10.125	7.110	1.4241	1.6372	1.8187	-0.1815	82.3935	82.4991	-0.1056
cid22	3316926_opo25u.png	512	512	Drawing	90	0	30786	29272	1.051722	6.854	4.279	1.6016	1.7551	1.7261	0.0290	83.9606	84.3183	-0.3577
cid22	3779828.png	512	512	Drawing	90	0	98874	95300	1.037503	11.506	7.892	1.4580	1.9022	1.4613	0.4409	84.4948	84.5412	-0.0464
cid22	5212582.png	512	512	Drawing	90	0	11826	11196	1.056270	5.488	3.330	1.6477	1.9588	1.8730	0.0858	81.0876	82.2319	-1.1443
cid22	675951.png	512	512	Drawing	90	0	59760	63266	0.944583	9.374	5.774	1.6235	1.9004	2.0668	-0.1664	83.5536	83.8014	-0.2479
cid22	962312.png	512	512	Drawing	90	0	48930	47410	1.032061	7.030	5.082	1.3832	1.8799	1.7952	0.0848	86.4899	86.4547	0.0352
cid22	klepas-Gentle-giants-of-the-sea-3.png	512	512	Drawing	90	0	50350	49382	1.019602	8.061	5.578	1.4451	5.8293	5.7141	0.1152	79.1008	79.3328	-0.2320
cid22	pexels-photo-2908983.png	512	512	Drawing	90	0	22616	21378	1.057910	6.250	4.004	1.5608	1.9550	1.7597	0.1952	83.4365	83.5651	-0.1287
cid22	pexels-photo-4672246.png	512	512	Drawing	90	0	46568	45312	1.027719	8.294	5.391	1.5385	1.8607	2.3227	-0.4620	82.9845	82.6992	0.2853
cid22	1001682.png	512	512	Drawing	90	4	69810	70166	0.994926	22.676	17.813	1.2730	1.5249	1.5232	0.0017	82.9639	83.1820	-0.2181
cid22	1200348.png	512	512	Drawing	90	4	23074	23126	0.997751	17.244	12.803	1.3469	2.3657	2.4706	-0.1050	83.1553	83.1893	-0.0340
cid22	146083.png	512	512	Drawing	90	4	88060	88944	0.990061	25.895	20.240	1.2794	1.3873	1.5264	-0.1391	86.5399	86.8823	-0.3424
cid22	162511.png	512	512	Drawing	90	4	106594	105470	1.010657	26.266	20.634	1.2730	1.8215	1.7397	0.0818	82.7368	82.5488	0.1881
cid22	207691.png	512	512	Drawing	90	4	70320	70312	1.000114	23.231	18.092	1.2840	1.4953	1.4617	0.0336	81.9523	81.8662	0.0861
cid22	2290070.png	512	512	Drawing	90	4	31940	31810	1.004087	18.171	13.863	1.3108	1.6794	1.5262	0.1533	83.6117	83.5715	0.0402
cid22	262780.png	512	512	Drawing	90	4	74528	75076	0.992701	25.480	19.037	1.3384	1.4704	1.5744	-0.1041	82.2701	82.5519	-0.2819
cid22	3316926_opo25u.png	512	512	Drawing	90	4	27006	26398	1.023032	19.041	13.820	1.3778	1.8776	1.7801	0.0975	84.6521	84.2368	0.4154
cid22	3779828.png	512	512	Drawing	90	4	90660	91192	0.994166	24.344	19.198	1.2681	1.4950	1.3983	0.0966	84.4489	84.8697	-0.4209
cid22	5212582.png	512	512	Drawing	90	4	9734	10090	0.964718	14.806	11.103	1.3335	1.9735	1.9050	0.0686	81.3237	82.4696	-1.1459
cid22	675951.png	512	512	Drawing	90	4	52668	52414	1.004846	21.772	16.461	1.3227	2.0270	2.1305	-0.1036	83.8197	83.7677	0.0520
cid22	962312.png	512	512	Drawing	90	4	45326	45138	1.004165	17.518	13.702	1.2785	1.7259	1.7260	-0.0000	87.3183	87.3995	-0.0813
cid22	klepas-Gentle-giants-of-the-sea-3.png	512	512	Drawing	90	4	44392	44580	0.995783	18.004	13.784	1.3061	5.6039	5.7426	-0.1386	79.5967	79.7403	-0.1436
cid22	pexels-photo-2908983.png	512	512	Drawing	90	4	19680	19566	1.005826	17.384	12.733	1.3652	1.6920	1.5954	0.0966	84.5470	84.2801	0.2669
cid22	pexels-photo-4672246.png	512	512	Drawing	90	4	41826	41474	1.008487	20.528	15.438	1.3297	1.8492	1.8278	0.0214	83.4093	83.2351	0.1742
cid22	1001682.png	512	512	Drawing	90	6	68022	68628	0.991170	54.669	47.122	1.1602	1.6397	1.5241	0.1157	82.8285	83.2652	-0.4367
cid22	1200348.png	512	512	Drawing	90	6	22572	22588	0.999292	29.283	23.871	1.2267	2.4612	2.4623	-0.0011	83.2060	83.2632	-0.0572
cid22	146083.png	512	512	Drawing	90	6	85500	87020	0.982533	66.586	61.219	1.0877	1.3203	1.2704	0.0498	86.4388	86.7517	-0.3129
cid22	162511.png	512	512	Drawing	90	6	103610	103356	1.002458	69.860	60.683	1.1512	2.0490	1.7686	0.2804	82.4701	82.4796	-0.0095
cid22	207691.png	512	512	Drawing	90	6	66658	66754	0.998562	56.013	47.751	1.1730	1.5025	1.5576	-0.0551	81.8309	81.7250	0.1060
cid22	2290070.png	512	512	Drawing	90	6	30816	30814	1.000065	34.464	28.828	1.1955	1.9117	1.7319	0.1798	83.5135	83.2950	0.2184
cid22	262780.png	512	512	Drawing	90	6	69978	71420	0.979810	64.200	55.464	1.1575	1.5885	1.7750	-0.1865	81.8856	82.3334	-0.4478
cid22	3316926_opo25u.png	512	512	Drawing	90	6	25462	24768	1.028020	33.575	27.010	1.2431	1.7290	1.7320	-0.0030	84.8913	83.9897	0.9017
cid22	3779828.png	512	512	Drawing	90	6	88568	89808	0.986193	60.399	52.113	1.1590	1.4952	1.4531	0.0421	84.5042	84.8259	-0.3217
cid22	5212582.png	512	512	Drawing	90	6	9728	9952	0.977492	21.834	16.260	1.3428	1.9702	1.8005	0.1697	81.5996	82.6441	-1.0445
cid22	675951.png	512	512	Drawing	90	6	50536	50380	1.003096	42.455	36.253	1.1711	1.9633	2.0005	-0.0372	83.8716	83.6571	0.2145
cid22	962312.png	512	512	Drawing	90	6	44964	44660	1.006807	34.217	30.232	1.1318	2.3770	1.7241	0.6529	85.8287	87.2222	-1.3935
cid22	klepas-Gentle-giants-of-the-sea-3.png	512	512	Drawing	90	6	43650	43960	0.992948	35.615	29.248	1.2177	5.7481	5.6880	0.0601	79.6268	79.9304	-0.3036
cid22	pexels-photo-2908983.png	512	512	Drawing	90	6	19456	19276	1.009338	25.916	21.367	1.2129	1.6918	1.7147	-0.0229	84.7975	84.0532	0.7442
cid22	pexels-photo-4672246.png	512	512	Drawing	90	6	38454	38954	0.987164	43.011	35.114	1.2249	1.9069	1.9452	-0.0383	83.2152	83.2502	-0.0350
