corpus	file	width	height	preset	quality	method	zen_bytes	lib_bytes	ratio
cid22	1001682.png	512	512	Default	25	0	17632	26758	0.658943
cid22	1129482.png	512	512	Default	25	0	6578	8182	0.803960
cid22	1287145.png	512	512	Default	25	0	13924	20614	0.675463
cid22	1454804.png	512	512	Default	25	0	7124	6946	1.025626
cid22	1570264.png	512	512	Default	25	0	25136	25662	0.979503
cid22	162511.png	512	512	Default	25	0	36976	39744	0.930354
cid22	1938351.png	512	512	Default	25	0	6398	7564	0.845849
cid22	21169144185_3f7977cb5a_o.png	512	512	Default	25	0	21778	23122	0.941874
cid22	225284.png	512	512	Default	25	0	33540	39248	0.854566
cid22	2471234.png	512	512	Default	25	0	5142	5292	0.971655
cid22	262780.png	512	512	Default	25	0	15408	16866	0.913554
cid22	3004909.png	512	512	Default	25	0	16974	19264	0.881125
cid22	3363331.png	512	512	Default	25	0	13882	16968	0.818128
cid22	3623285.png	512	512	Default	25	0	13538	15426	0.877609
cid22	45258.png	512	512	Default	25	0	12738	15236	0.836046
cid22	5212582.png	512	512	Default	25	0	2976	2960	1.005405
cid22	60003.png	512	512	Default	25	0	14056	16986	0.827505
cid22	7062197.png	512	512	Default	25	0	17684	18922	0.934574
cid22	7394483.png	512	512	Default	25	0	9676	10666	0.907182
cid22	EPICA Delta D Plot.png	512	512	Default	25	0	17020	17364	0.980189
cid22	klepas-Gentle-giants-of-the-sea-3.png	512	512	Default	25	0	17450	19498	0.894964
cid22	pexels-photo-1933873.png	512	512	Default	25	0	17000	19194	0.885693
cid22	pexels-photo-3193731.png	512	512	Default	25	0	16188	20086	0.805934
cid22	pexels-photo-4354221.png	512	512	Default	25	0	18912	21536	0.878158
cid22	pexels-photo-7078290.png	512	512	Default	25	0	20394	17284	1.179935
cid22	1001682.png	512	512	Default	25	4	16488	16152	1.020802
cid22	1129482.png	512	512	Default	25	4	5112	5024	1.017516
cid22	1287145.png	512	512	Default	25	4	12874	12704	1.013382
cid22	1454804.png	512	512	Default	25	4	5104	4994	1.022026
cid22	1570264.png	512	512	Default	25	4	23660	23230	1.018511
cid22	162511.png	512	512	Default	25	4	31150	31156	0.999807
cid22	1938351.png	512	512	Default	25	4	5302	5286	1.003027
cid22	21169144185_3f7977cb5a_o.png	512	512	Default	25	4	17624	17726	0.994246
cid22	225284.png	512	512	Default	25	4	30804	30886	0.997345
cid22	2471234.png	512	512	Default	25	4	4634	4508	1.027950
cid22	262780.png	512	512	Default	25	4	14418	14192	1.015924
cid22	3004909.png	512	512	Default	25	4	13510	13478	1.002374
cid22	3363331.png	512	512	Default	25	4	11736	11732	1.000341
cid22	3623285.png	512	512	Default	25	4	10910	10882	1.002573
cid22	45258.png	512	512	Default	25	4	10264	10058	1.020481
cid22	5212582.png	512	512	Default	25	4	2594	2504	1.035942
cid22	60003.png	512	512	Default	25	4	10694	10506	1.017895
cid22	7062197.png	512	512	Default	25	4	13554	13552	1.000148
cid22	7394483.png	512	512	Default	25	4	7378	7308	1.009579
cid22	EPICA Delta D Plot.png	512	512	Default	25	4	12248	12248	1.000000
cid22	klepas-Gentle-giants-of-the-sea-3.png	512	512	Default	25	4	14808	15018	0.986017
cid22	pexels-photo-1933873.png	512	512	Default	25	4	12870	12906	0.997211
cid22	pexels-photo-3193731.png	512	512	Default	25	4	13384	13228	1.011793
cid22	pexels-photo-4354221.png	512	512	Default	25	4	15168	15160	1.000528
cid22	pexels-photo-7078290.png	512	512	Default	25	4	14568	14526	1.002891
cid22	1001682.png	512	512	Default	25	6	14578	15014	0.970960
cid22	1129482.png	512	512	Default	25	6	4836	4772	1.013412
cid22	1287145.png	512	512	Default	25	6	11578	11434	1.012594
cid22	1454804.png	512	512	Default	25	6	4918	4702	1.045938
cid22	1570264.png	512	512	Default	25	6	19952	20648	0.966292
cid22	162511.png	512	512	Default	25	6	28602	29064	0.984104
cid22	1938351.png	512	512	Default	25	6	5186	5098	1.017262
cid22	21169144185_3f7977cb5a_o.png	512	512	Default	25	6	16798	16916	0.993024
cid22	225284.png	512	512	Default	25	6	27794	28518	0.974613
cid22	2471234.png	512	512	Default	25	6	4624	4486	1.030762
cid22	262780.png	512	512	Default	25	6	12914	13088	0.986705
cid22	3004909.png	512	512	Default	25	6	12588	12586	1.000159
cid22	3363331.png	512	512	Default	25	6	10836	10874	0.996505
cid22	3623285.png	512	512	Default	25	6	9998	9990	1.000801
cid22	45258.png	512	512	Default	25	6	9794	9526	1.028134
cid22	5212582.png	512	512	Default	25	6	2600	2480	1.048387
cid22	60003.png	512	512	Default	25	6	10248	10004	1.024390
cid22	7062197.png	512	512	Default	25	6	12862	12842	1.001557
cid22	7394483.png	512	512	Default	25	6	7134	7014	1.017109
cid22	EPICA Delta D Plot.png	512	512	Default	25	6	11718	11698	1.001710
cid22	klepas-Gentle-giants-of-the-sea-3.png	512	512	Default	25	6	13986	14248	0.981611
cid22	pexels-photo-1933873.png	512	512	Default	25	6	12176	12164	1.000987
cid22	pexels-photo-3193731.png	512	512	Default	25	6	12622	12548	1.005897
cid22	pexels-photo-4354221.png	512	512	Default	25	6	14244	14352	0.992475
cid22	pexels-photo-7078290.png	512	512	Default	25	6	13528	13664	0.990047
cid22	1001682.png	512	512	Default	50	0	28242	43188	0.653932
cid22	1129482.png	512	512	Default	50	0	8972	10452	0.858400
cid22	1287145.png	512	512	Default	50	0	22630	31740	0.712980
cid22	1454804.png	512	512	Default	50	0	10234	10282	0.995332
cid22	1570264.png	512	512	Default	50	0	41118	42600	0.965211
cid22	162511.png	512	512	Default	50	0	52200	53800	0.970260
cid22	1938351.png	512	512	Default	50	0	9976	11304	0.882519
cid22	21169144185_3f7977cb5a_o.png	512	512	Default	50	0	30848	32152	0.959443
cid22	225284.png	512	512	Default	50	0	50814	53728	0.945764
cid22	2471234.png	512	512	Default	50	0	7358	7588	0.969689
cid22	262780.png	512	512	Default	50	0	26140	26920	0.971025
cid22	3004909.png	512	512	Default	50	0	24350	26580	0.916102
cid22	3363331.png	512	512	Default	50	0	21924	25254	0.868140
cid22	3623285.png	512	512	Default	50	0	20720	22556	0.918603
cid22	45258.png	512	512	Default	50	0	19176	22010	0.871240
cid22	5212582.png	512	512	Default	50	0	4120	4086	1.008321
cid22	60003.png	512	512	Default	50	0	20642	23698	0.871044
cid22	7062197.png	512	512	Default	50	0	25864	26308	0.983123
cid22	7394483.png	512	512	Default	50	0	14548	15932	0.913131
cid22	EPICA Delta D Plot.png	512	512	Default	50	0	22670	22790	0.994735
cid22	klepas-Gentle-giants-of-the-sea-3.png	512	512	Default	50	0	24518	25996	0.943145
cid22	pexels-photo-1933873.png	512	512	Default	50	0	25050	27506	0.910710
cid22	pexels-photo-3193731.png	512	512	Default	50	0	24916	28366	0.878376
cid22	pexels-photo-4354221.png	512	512	Default	50	0	27630	29738	0.929114
cid22	pexels-photo-7078290.png	512	512	Default	50	0	30198	26274	1.149349
cid22	1001682.png	512	512	Default	50	4	25950	25908	1.001621
cid22	1129482.png	512	512	Default	50	4	7112	6986	1.018036
cid22	1287145.png	512	512	Default	50	4	21308	21028	1.013316
cid22	1454804.png	512	512	Default	50	4	7116	7030	1.012233
cid22	1570264.png	512	512	Default	50	4	40076	38974	1.028275
cid22	162511.png	512	512	Default	50	4	45606	45578	1.000614
cid22	1938351.png	512	512	Default	50	4	8114	8062	1.006450
cid22	21169144185_3f7977cb5a_o.png	512	512	Default	50	4	25546	25526	1.000784
cid22	225284.png	512	512	Default	50	4	47294	47422	0.997301
cid22	2471234.png	512	512	Default	50	4	6310	6310	1.000000
cid22	262780.png	512	512	Default	50	4	24238	24502	0.989225
cid22	3004909.png	512	512	Default	50	4	19868	19850	1.000907
cid22	3363331.png	512	512	Default	50	4	19028	18868	1.008480
cid22	3623285.png	512	512	Default	50	4	17186	17116	1.004090
cid22	45258.png	512	512	Default	50	4	15572	15436	1.008811
cid22	5212582.png	512	512	Default	50	4	3530	3390	1.041298
cid22	60003.png	512	512	Default	50	4	15918	15956	0.997618
cid22	7062197.png	512	512	Default	50	4	20212	20182	1.001486
cid22	7394483.png	512	512	Default	50	4	10986	10874	1.010300
cid22	EPICA Delta D Plot.png	512	512	Default	50	4	16782	16764	1.001074
cid22	klepas-Gentle-giants-of-the-sea-3.png	512	512	Default	50	4	21052	21026	1.001237
cid22	pexels-photo-1933873.png	512	512	Default	50	4	19748	19802	0.997273
cid22	pexels-photo-3193731.png	512	512	Default	50	4	20862	20984	0.994186
cid22	pexels-photo-4354221.png	512	512	Default	50	4	22636	22706	0.996917
cid22	pexels-photo-7078290.png	512	512	Default	50	4	22830	22690	1.006170
cid22	1001682.png	512	512	Default	50	6	24076	24604	0.978540
cid22	1129482.png	512	512	Default	50	6	6784	6698	1.012840
cid22	1287145.png	512	512	Default	50	6	19414	19414	1.000000
cid22	1454804.png	512	512	Default	50	6	6810	6636	1.026221
cid22	1570264.png	512	512	Default	50	6	34374	35626	0.964857
cid22	162511.png	512	512	Default	50	6	42560	43308	0.982728
cid22	1938351.png	512	512	Default	50	6	7862	7690	1.022367
cid22	21169144185_3f7977cb5a_o.png	512	512	Default	50	6	24610	24646	0.998539
cid22	225284.png	512	512	Default	50	6	43408	44442	0.976734
cid22	2471234.png	512	512	Default	50	6	6374	6238	1.021802
cid22	262780.png	512	512	Default	50	6	21460	22374	0.959149
cid22	3004909.png	512	512	Default	50	6	18888	18856	1.001697
cid22	3363331.png	512	512	Default	50	6	17380	17472	0.994734
cid22	3623285.png	512	512	Default	50	6	15802	15814	0.999241
cid22	45258.png	512	512	Default	50	6	14792	14594	1.013567
cid22	5212582.png	512	512	Default	50	6	3522	3352	1.050716
cid22	60003.png	512	512	Default	50	6	15034	15062	0.998141
cid22	7062197.png	512	512	Default	50	6	19248	19254	0.999688
cid22	7394483.png	512	512	Default	50	6	10480	10368	1.010802
cid22	EPICA Delta D Plot.png	512	512	Default	50	6	16250	16238	1.000739
cid22	klepas-Gentle-giants-of-the-sea-3.png	512	512	Default	50	6	20246	20422	0.991382
cid22	pexels-photo-1933873.png	512	512	Default	50	6	18340	18592	0.986446
cid22	pexels-photo-3193731.png	512	512	Default	50	6	19594	19872	0.986010
cid22	pexels-photo-4354221.png	512	512	Default	50	6	21514	21568	0.997496
cid22	pexels-photo-7078290.png	512	512	Default	50	6	20792	21306	0.975875
cid22	1001682.png	512	512	Default	75	0	38010	64672	0.587735
cid22	1129482.png	512	512	Default	75	0	10734	12362	0.868306
cid22	1287145.png	512	512	Default	75	0	30400	44290	0.686385
cid22	1454804.png	512	512	Default	75	0	13716	13234	1.036421
cid22	1570264.png	512	512	Default	75	0	56476	55958	1.009257
cid22	162511.png	512	512	Default	75	0	67292	68512	0.982193
cid22	1938351.png	512	512	Default	75	0	14424	16448	0.876946
cid22	21169144185_3f7977cb5a_o.png	512	512	Default	75	0	38338	39438	0.972108
cid22	225284.png	512	512	Default	75	0	66406	70702	0.939238
cid22	2471234.png	512	512	Default	75	0	10158	10304	0.985831
cid22	262780.png	512	512	Default	75	0	37650	39014	0.965038
cid22	3004909.png	512	512	Default	75	0	31842	33770	0.942908
cid22	3363331.png	512	512	Default	75	0	30172	34882	0.864973
cid22	3623285.png	512	512	Default	75	0	27666	30274	0.913853
cid22	45258.png	512	512	Default	75	0	25520	27606	0.924437
cid22	5212582.png	512	512	Default	75	0	5534	5458	1.013925
cid22	60003.png	512	512	Default	75	0	27954	31032	0.900812
cid22	7062197.png	512	512	Default	75	0	33136	32826	1.009444
cid22	7394483.png	512	512	Default	75	0	19370	21124	0.916966
cid22	EPICA Delta D Plot.png	512	512	Default	75	0	27414	27486	0.997380
cid22	klepas-Gentle-giants-of-the-sea-3.png	512	512	Default	75	0	30520	32034	0.952738
cid22	pexels-photo-1933873.png	512	512	Default	75	0	33042	35490	0.931023
cid22	pexels-photo-3193731.png	512	512	Default	75	0	33360	37550	0.888415
cid22	pexels-photo-4354221.png	512	512	Default	75	0	36498	38364	0.951361
cid22	pexels-photo-7078290.png	512	512	Default	75	0	41418	37274	1.111177
cid22	1001682.png	512	512	Default	75	4	35836	35268	1.016105
cid22	1129482.png	512	512	Default	75	4	8704	8628	1.008809
cid22	1287145.png	512	512	Default	75	4	28968	28684	1.009901
cid22	1454804.png	512	512	Default	75	4	9600	9526	1.007768
cid22	1570264.png	512	512	Default	75	4	56158	55576	1.010472
cid22	162511.png	512	512	Default	75	4	60166	60324	0.997381
cid22	1938351.png	512	512	Default	75	4	11774	11722	1.004436
cid22	21169144185_3f7977cb5a_o.png	512	512	Default	75	4	32374	32134	1.007469
cid22	225284.png	512	512	Default	75	4	63074	63530	0.992822
cid22	2471234.png	512	512	Default	75	4	8544	8562	0.997898
cid22	262780.png	512	512	Default	75	4	35818	35922	0.997105
cid22	3004909.png	512	512	Default	75	4	26686	26566	1.004517
cid22	3363331.png	512	512	Default	75	4	26674	26580	1.003536
cid22	3623285.png	512	512	Default	75	4	23768	23388	1.016248
cid22	45258.png	512	512	Default	75	4	21158	21112	1.002179
cid22	5212582.png	512	512	Default	75	4	4774	4566	1.045554
cid22	60003.png	512	512	Default	75	4	22076	22250	0.992180
cid22	7062197.png	512	512	Default	75	4	26668	26620	1.001803
cid22	7394483.png	512	512	Default	75	4	15008	15002	1.000400
cid22	EPICA Delta D Plot.png	512	512	Default	75	4	20482	20648	0.991960
cid22	klepas-Gentle-giants-of-the-sea-3.png	512	512	Default	75	4	26668	26628	1.001502
cid22	pexels-photo-1933873.png	512	512	Default	75	4	26554	26730	0.993416
cid22	pexels-photo-3193731.png	512	512	Default	75	4	28712	28870	0.994527
cid22	pexels-photo-4354221.png	512	512	Default	75	4	30722	30804	0.997338
cid22	pexels-photo-7078290.png	512	512	Default	75	4	32704	32700	1.000122
cid22	1001682.png	512	512	Default	75	6	33486	33576	0.997320
cid22	1129482.png	512	512	Default	75	6	8342	8370	0.996655
cid22	1287145.png	512	512	Default	75	6	26834	26868	0.998735
cid22	1454804.png	512	512	Default	75	6	9118	9036	1.009075
cid22	1570264.png	512	512	Default	75	6	50156	51576	0.972468
cid22	162511.png	512	512	Default	75	6	56858	57810	0.983532
cid22	1938351.png	512	512	Default	75	6	11386	11224	1.014433
cid22	21169144185_3f7977cb5a_o.png	512	512	Default	75	6	31426	31318	1.003448
cid22	225284.png	512	512	Default	75	6	58958	60422	0.975770
cid22	2471234.png	512	512	Default	75	6	8580	8502	1.009174
cid22	262780.png	512	512	Default	75	6	32108	33258	0.965422
cid22	3004909.png	512	512	Default	75	6	25272	25500	0.991059
cid22	3363331.png	512	512	Default	75	6	24852	24930	0.996871
cid22	3623285.png	512	512	Default	75	6	22142	22216	0.996669
cid22	45258.png	512	512	Default	75	6	20244	20224	1.000989
cid22	5212582.png	512	512	Default	75	6	4792	4558	1.051338
cid22	60003.png	512	512	Default	75	6	20760	20918	0.992447
cid22	7062197.png	512	512	Default	75	6	25594	25742	0.994251
cid22	7394483.png	512	512	Default	75	6	14380	14284	1.006721
cid22	EPICA Delta D Plot.png	512	512	Default	75	6	19832	20108	0.986274
cid22	klepas-Gentle-giants-of-the-sea-3.png	512	512	Default	75	6	25836	26178	0.986936
cid22	pexels-photo-1933873.png	512	512	Default	75	6	25062	25520	0.982053
cid22	pexels-photo-3193731.png	512	512	Default	75	6	26910	27398	0.982188
cid22	pexels-photo-4354221.png	512	512	Default	75	6	29500	29522	0.999255
cid22	pexels-photo-7078290.png	512	512	Default	75	6	30196	30480	0.990682
cid22	1001682.png	512	512	Default	90	0	72210	98734	0.731359
cid22	1129482.png	512	512	Default	90	0	17114	16682	1.025896
cid22	1287145.png	512	512	Default	90	0	57628	76414	0.754155
cid22	1454804.png	512	512	Default	90	0	25624	20846	1.229205
cid22	1570264.png	512	512	Default	90	0	100554	97626	1.029992
cid22	162511.png	512	512	Default	90	0	113280	109708	1.032559
cid22	1938351.png	512	512	Default	90	0	35678	36336	0.981891
cid22	21169144185_3f7977cb5a_o.png	512	512	Default	90	0	62036	57528	1.078362
cid22	225284.png	512	512	Default	90	0	110358	114234	0.966070
cid22	2471234.png	512	512	Default	90	0	22138	19442	1.138669
cid22	262780.png	512	512	Default	90	0	77368	83656	0.924835
cid22	3004909.png	512	512	Default	90	0	57720	57222	1.008703
cid22	3363331.png	512	512	Default	90	0	61064	62706	0.973814
cid22	3623285.png	512	512	Default	90	0	50556	52066	0.970998
cid22	45258.png	512	512	Default	90	0	49028	50670	0.967594
cid22	5212582.png	512	512	Default	90	0	12220	12100	1.009917
cid22	60003.png	512	512	Default	90	0	53168	51244	1.037546
cid22	7062197.png	512	512	Default	90	0	56402	51214	1.101300
cid22	7394483.png	512	512	Default	90	0	37476	35300	1.061643
cid22	EPICA Delta D Plot.png	512	512	Default	90	0	39898	35960	1.109511
cid22	klepas-Gentle-giants-of-the-sea-3.png	512	512	Default	90	0	49522	49684	0.996739
cid22	pexels-photo-1933873.png	512	512	Default	90	0	60538	57048	1.061177
cid22	pexels-photo-3193731.png	512	512	Default	90	0	61756	62754	0.984097
cid22	pexels-photo-4354221.png	512	512	Default	90	0	66952	64716	1.034551
cid22	pexels-photo-7078290.png	512	512	Default	90	0	80270	72666	1.104643
cid22	1001682.png	512	512	Default	90	4	69296	69496	0.997122
cid22	1129482.png	512	512	Default	90	4	14758	14726	1.002173
cid22	1287145.png	512	512	Default	90	4	56250	56016	1.004177
cid22	1454804.png	512	512	Default	90	4	19374	19158	1.011275
cid22	1570264.png	512	512	Default	90	4	101118	100370	1.007452
cid22	162511.png	512	512	Default	90	4	106578	107264	0.993605
cid22	1938351.png	512	512	Default	90	4	32076	31518	1.017704
cid22	21169144185_3f7977cb5a_o.png	512	512	Default	90	4	54530	54142	1.007166
cid22	225284.png	512	512	Default	90	4	108208	109752	0.985932
cid22	2471234.png	512	512	Default	90	4	18900	18402	1.027062
cid22	262780.png	512	512	Default	90	4	79686	77700	1.025560
cid22	3004909.png	512	512	Default	90	4	52510	52176	1.006401
cid22	3363331.png	512	512	Default	90	4	57106	56908	1.003479
cid22	3623285.png	512	512	Default	90	4	46014	45998	1.000348
cid22	45258.png	512	512	Default	90	4	44554	44186	1.008328
cid22	5212582.png	512	512	Default	90	4	11874	10466	1.134531
cid22	60003.png	512	512	Default	90	4	46110	46540	0.990761
cid22	7062197.png	512	512	Default	90	4	48134	48226	0.998092
cid22	7394483.png	512	512	Default	90	4	30856	30742	1.003708
cid22	EPICA Delta D Plot.png	512	512	Default	90	4	31328	31810	0.984848
cid22	klepas-Gentle-giants-of-the-sea-3.png	512	512	Default	90	4	43546	43600	0.998761
cid22	pexels-photo-1933873.png	512	512	Default	90	4	52214	52504	0.994477
cid22	pexels-photo-3193731.png	512	512	Default	90	4	57056	56550	1.008948
cid22	pexels-photo-4354221.png	512	512	Default	90	4	61050	60632	1.006894
cid22	pexels-photo-7078290.png	512	512	Default	90	4	70546	71162	0.991344
cid22	1001682.png	512	512	Default	90	6	67984	68352	0.994616
cid22	1129482.png	512	512	Default	90	6	14484	14480	1.000276
cid22	1287145.png	512	512	Default	90	6	55228	55048	1.003270
cid22	1454804.png	512	512	Default	90	6	19010	17948	1.059171
cid22	1570264.png	512	512	Default	90	6	98982	99128	0.998527
cid22	162511.png	512	512	Default	90	6	104394	105994	0.984905
cid22	1938351.png	512	512	Default	90	6	28416	28056	1.012831
cid22	21169144185_3f7977cb5a_o.png	512	512	Default	90	6	53616	53212	1.007592
cid22	225284.png	512	512	Default	90	6	106396	108862	0.977347
cid22	2471234.png	512	512	Default	90	6	18230	17510	1.041119
cid22	262780.png	512	512	Default	90	6	75362	75158	1.002714
cid22	3004909.png	512	512	Default	90	6	50912	50518	1.007799
cid22	3363331.png	512	512	Default	90	6	53456	54660	0.977973
cid22	3623285.png	512	512	Default	90	6	44780	45182	0.991103
cid22	45258.png	512	512	Default	90	6	43492	42942	1.012808
cid22	5212582.png	512	512	Default	90	6	10400	10334	1.006387
cid22	60003.png	512	512	Default	90	6	44342	45102	0.983149
cid22	7062197.png	512	512	Default	90	6	47330	47644	0.993409
cid22	7394483.png	512	512	Default	90	6	30256	29932	1.010825
cid22	EPICA Delta D Plot.png	512	512	Default	90	6	30982	31454	0.984994
cid22	klepas-Gentle-giants-of-the-sea-3.png	512	512	Default	90	6	42976	43302	0.992471
cid22	pexels-photo-1933873.png	512	512	Default	90	6	50534	51010	0.990668
cid22	pexels-photo-3193731.png	512	512	Default	90	6	55010	54934	1.001383
cid22	pexels-photo-4354221.png	512	512	Default	90	6	58946	58454	1.008417
cid22	pexels-photo-7078290.png	512	512	Default	90	6	67922	68574	0.990492
cid22	1001682.png	512	512	Photo	25	0	16632	25946	0.641024
cid22	1129482.png	512	512	Photo	25	0	6032	8100	0.744691
cid22	1287145.png	512	512	Photo	25	0	13064	20868	0.626030
cid22	1454804.png	512	512	Photo	25	0	6812	6828	0.997657
cid22	1570264.png	512	512	Photo	25	0	29604	25570	1.157763
cid22	162511.png	512	512	Photo	25	0	37874	39488	0.959127
cid22	1938351.png	512	512	Photo	25	0	6126	7484	0.818546
cid22	21169144185_3f7977cb5a_o.png	512	512	Photo	25	0	20534	22112	0.928636
cid22	225284.png	512	512	Photo	25	0	34540	39166	0.881887
cid22	2471234.png	512	512	Photo	25	0	5046	5182	0.973755
cid22	262780.png	512	512	Photo	25	0	15854	17272	0.917902
cid22	3004909.png	512	512	Photo	25	0	16296	18950	0.859947
cid22	3363331.png	512	512	Photo	25	0	13436	17056	0.787758
cid22	3623285.png	512	512	Photo	25	0	12694	15454	0.821405
cid22	45258.png	512	512	Photo	25	0	12016	14744	0.814976
cid22	5212582.png	512	512	Photo	25	0	2922	2946	0.991853
cid22	60003.png	512	512	Photo	25	0	13726	16916	0.811421
cid22	7062197.png	512	512	Photo	25	0	16812	18210	0.923229
cid22	7394483.png	512	512	Photo	25	0	9228	10288	0.896967
cid22	EPICA Delta D Plot.png	512	512	Photo	25	0	16040	16804	0.954535
cid22	klepas-Gentle-giants-of-the-sea-3.png	512	512	Photo	25	0	16418	18984	0.864834
cid22	pexels-photo-1933873.png	512	512	Photo	25	0	16660	19348	0.861071
cid22	pexels-photo-3193731.png	512	512	Photo	25	0	15826	19902	0.795196
cid22	pexels-photo-4354221.png	512	512	Photo	25	0	18096	20934	0.864431
cid22	pexels-photo-7078290.png	512	512	Photo	25	0	21506	17586	1.222905
cid22	1001682.png	512	512	Photo	25	4	15490	15296	1.012683
cid22	1129482.png	512	512	Photo	25	4	4726	4700	1.005532
cid22	1287145.png	512	512	Photo	25	4	12134	11910	1.018808
cid22	1454804.png	512	512	Photo	25	4	4974	4746	1.048040
cid22	1570264.png	512	512	Photo	25	4	28338	28174	1.005821
cid22	162511.png	512	512	Photo	25	4	32164	32018	1.004560
cid22	1938351.png	512	512	Photo	25	4	5170	5132	1.007405
cid22	21169144185_3f7977cb5a_o.png	512	512	Photo	25	4	16526	16524	1.000121
cid22	225284.png	512	512	Photo	25	4	31932	31972	0.998749
cid22	2471234.png	512	512	Photo	25	4	4540	4456	1.018851
cid22	262780.png	512	512	Photo	25	4	15276	14546	1.050186
cid22	3004909.png	512	512	Photo	25	4	12950	12962	0.999074
cid22	3363331.png	512	512	Photo	25	4	11122	11268	0.987043
cid22	3623285.png	512	512	Photo	25	4	10416	10244	1.016790
cid22	45258.png	512	512	Photo	25	4	9798	9638	1.016601
cid22	5212582.png	512	512	Photo	25	4	2622	2490	1.053012
cid22	60003.png	512	512	Photo	25	4	10596	10434	1.015526
cid22	7062197.png	512	512	Photo	25	4	12916	12874	1.003262
cid22	7394483.png	512	512	Photo	25	4	7018	6998	1.002858
cid22	EPICA Delta D Plot.png	512	512	Photo	25	4	11528	11506	1.001912
cid22	klepas-Gentle-giants-of-the-sea-3.png	512	512	Photo	25	4	13948	13920	1.002011
cid22	pexels-photo-1933873.png	512	512	Photo	25	4	12588	12526	1.004950
cid22	pexels-photo-3193731.png	512	512	Photo	25	4	12942	13008	0.994926
cid22	pexels-photo-4354221.png	512	512	Photo	25	4	14582	14526	1.003855
cid22	pexels-photo-7078290.png	512	512	Photo	25	4	15846	15478	1.023776
cid22	1001682.png	512	512	Photo	25	6	13980	14192	0.985062
cid22	1129482.png	512	512	Photo	25	6	4382	4432	0.988718
cid22	1287145.png	512	512	Photo	25	6	10816	10804	1.001111
cid22	1454804.png	512	512	Photo	25	6	4838	4506	1.073680
cid22	1570264.png	512	512	Photo	25	6	24532	25400	0.965827
cid22	162511.png	512	512	Photo	25	6	29738	29914	0.994116
cid22	1938351.png	512	512	Photo	25	6	5078	4992	1.017228
cid22	21169144185_3f7977cb5a_o.png	512	512	Photo	25	6	15804	15858	0.996595
cid22	225284.png	512	512	Photo	25	6	28640	29454	0.972364
cid22	2471234.png	512	512	Photo	25	6	4608	4448	1.035971
cid22	262780.png	512	512	Photo	25	6	13530	13554	0.998229
cid22	3004909.png	512	512	Photo	25	6	12084	12168	0.993097
cid22	3363331.png	512	512	Photo	25	6	10420	10462	0.995985
cid22	3623285.png	512	512	Photo	25	6	9658	9496	1.017060
cid22	45258.png	512	512	Photo	25	6	9488	9156	1.036260
cid22	5212582.png	512	512	Photo	25	6	2586	2478	1.043584
cid22	60003.png	512	512	Photo	25	6	10004	9928	1.007655
cid22	7062197.png	512	512	Photo	25	6	12344	12206	1.011306
cid22	7394483.png	512	512	Photo	25	6	6812	6668	1.021596
cid22	EPICA Delta D Plot.png	512	512	Photo	25	6	10938	10960	0.997993
cid22	klepas-Gentle-giants-of-the-sea-3.png	512	512	Photo	25	6	12876	13124	0.981103
cid22	pexels-photo-1933873.png	512	512	Photo	25	6	11754	11846	0.992234
cid22	pexels-photo-3193731.png	512	512	Photo	25	6	12192	12254	0.994940
cid22	pexels-photo-4354221.png	512	512	Photo	25	6	13918	13788	1.009428
cid22	pexels-photo-7078290.png	512	512	Photo	25	6	14206	14620	0.971683
cid22	1001682.png	512	512	Photo	50	0	26884	42476	0.632922
cid22	1129482.png	512	512	Photo	50	0	8328	10366	0.803396
cid22	1287145.png	512	512	Photo	50	0	21204	31212	0.679354
cid22	1454804.png	512	512	Photo	50	0	10052	10054	0.999801
cid22	1570264.png	512	512	Photo	50	0	45178	42478	1.063562
cid22	162511.png	512	512	Photo	50	0	52990	53972	0.981805
cid22	1938351.png	512	512	Photo	50	0	9910	11370	0.871592
cid22	21169144185_3f7977cb5a_o.png	512	512	Photo	50	0	28970	30736	0.942543
cid22	225284.png	512	512	Photo	50	0	52044	54572	0.953676
cid22	2471234.png	512	512	Photo	50	0	7166	7432	0.964209
cid22	262780.png	512	512	Photo	50	0	26114	27742	0.941316
cid22	3004909.png	512	512	Photo	50	0	23838	26096	0.913473
cid22	3363331.png	512	512	Photo	50	0	21462	24864	0.863176
cid22	3623285.png	512	512	Photo	50	0	20026	22096	0.906318
cid22	45258.png	512	512	Photo	50	0	18578	21368	0.869431
cid22	5212582.png	512	512	Photo	50	0	4036	3904	1.033811
cid22	60003.png	512	512	Photo	50	0	20284	24056	0.843199
cid22	7062197.png	512	512	Photo	50	0	24670	25552	0.965482
cid22	7394483.png	512	512	Photo	50	0	13902	15512	0.896209
cid22	EPICA Delta D Plot.png	512	512	Photo	50	0	21804	22288	0.978284
cid22	klepas-Gentle-giants-of-the-sea-3.png	512	512	Photo	50	0	23308	25550	0.912250
cid22	pexels-photo-1933873.png	512	512	Photo	50	0	24700	27592	0.895187
cid22	pexels-photo-3193731.png	512	512	Photo	50	0	24006	28414	0.844865
cid22	pexels-photo-4354221.png	512	512	Photo	50	0	26710	29948	0.891879
cid22	pexels-photo-7078290.png	512	512	Photo	50	0	31208	26036	1.198648
cid22	1001682.png	512	512	Photo	50	4	24652	24606	1.001869
cid22	1129482.png	512	512	Photo	50	4	6472	6432	1.006219
cid22	1287145.png	512	512	Photo	50	4	20116	19758	1.018119
cid22	1454804.png	512	512	Photo	50	4	7030	6894	1.019727
cid22	1570264.png	512	512	Photo	50	4	44468	43408	1.024419
cid22	162511.png	512	512	Photo	50	4	46530	46436	1.002024
cid22	1938351.png	512	512	Photo	50	4	7930	8056	0.984359
cid22	21169144185_3f7977cb5a_o.png	512	512	Photo	50	4	23704	23656	1.002029
cid22	225284.png	512	512	Photo	50	4	48928	48806	1.002500
cid22	2471234.png	512	512	Photo	50	4	6324	6238	1.013786
cid22	262780.png	512	512	Photo	50	4	25088	24484	1.024669
cid22	3004909.png	512	512	Photo	50	4	19452	19398	1.002784
cid22	3363331.png	512	512	Photo	50	4	18626	18340	1.015594
cid22	3623285.png	512	512	Photo	50	4	16446	16488	0.997453
cid22	45258.png	512	512	Photo	50	4	14894	14884	1.000672
cid22	5212582.png	512	512	Photo	50	4	3550	3368	1.054038
cid22	60003.png	512	512	Photo	50	4	15692	15622	1.004481
cid22	7062197.png	512	512	Photo	50	4	19192	19190	1.000104
cid22	7394483.png	512	512	Photo	50	4	10424	10340	1.008124
cid22	EPICA Delta D Plot.png	512	512	Photo	50	4	15780	16016	0.985265
cid22	klepas-Gentle-giants-of-the-sea-3.png	512	512	Photo	50	4	19822	19984	0.991894
cid22	pexels-photo-1933873.png	512	512	Photo	50	4	19228	19372	0.992567
cid22	pexels-photo-3193731.png	512	512	Photo	50	4	20192	20056	1.006781
cid22	pexels-photo-4354221.png	512	512	Photo	50	4	22062	21828	1.010720
cid22	pexels-photo-7078290.png	512	512	Photo	50	4	24462	23574	1.037669
cid22	1001682.png	512	512	Photo	50	6	22834	23218	0.983461
cid22	1129482.png	512	512	Photo	50	6	6212	6138	1.012056
cid22	1287145.png	512	512	Photo	50	6	18032	18230	0.989139
cid22	1454804.png	512	512	Photo	50	6	6702	6598	1.015762
cid22	1570264.png	512	512	Photo	50	6	39266	40052	0.980376
cid22	162511.png	512	512	Photo	50	6	43948	44046	0.997775
cid22	1938351.png	512	512	Photo	50	6	7684	7674	1.001303
cid22	21169144185_3f7977cb5a_o.png	512	512	Photo	50	6	22936	22808	1.005612
cid22	225284.png	512	512	Photo	50	6	45022	45886	0.981171
cid22	2471234.png	512	512	Photo	50	6	6336	6214	1.019633
cid22	262780.png	512	512	Photo	50	6	22182	22836	0.971361
cid22	3004909.png	512	512	Photo	50	6	18478	18528	0.997301
cid22	3363331.png	512	512	Photo	50	6	16902	16978	0.995524
cid22	3623285.png	512	512	Photo	50	6	15174	15274	0.993453
cid22	45258.png	512	512	Photo	50	6	14344	14188	1.010995
cid22	5212582.png	512	512	Photo	50	6	3498	3374	1.036752
cid22	60003.png	512	512	Photo	50	6	14862	14782	1.005412
cid22	7062197.png	512	512	Photo	50	6	18408	18396	1.000652
cid22	7394483.png	512	512	Photo	50	6	10052	9884	1.016997
cid22	EPICA Delta D Plot.png	512	512	Photo	50	6	15268	15498	0.985159
cid22	klepas-Gentle-giants-of-the-sea-3.png	512	512	Photo	50	6	19076	19454	0.980570
cid22	pexels-photo-1933873.png	512	512	Photo	50	6	17738	18130	0.978378
cid22	pexels-photo-3193731.png	512	512	Photo	50	6	18924	18978	0.997155
cid22	pexels-photo-4354221.png	512	512	Photo	50	6	20808	20704	1.005023
cid22	pexels-photo-7078290.png	512	512	Photo	50	6	22278	22280	0.999910
cid22	1001682.png	512	512	Photo	75	0	37132	60482	0.613935
cid22	1129482.png	512	512	Photo	75	0	10252	12256	0.836488
cid22	1287145.png	512	512	Photo	75	0	29302	43706	0.670434
cid22	1454804.png	512	512	Photo	75	0	13326	13112	1.016321
cid22	1570264.png	512	512	Photo	75	0	62342	56072	1.111821
cid22	162511.png	512	512	Photo	75	0	68762	68928	0.997592
cid22	1938351.png	512	512	Photo	75	0	14266	16786	0.849875
cid22	21169144185_3f7977cb5a_o.png	512	512	Photo	75	0	37390	38270	0.977005
cid22	225284.png	512	512	Photo	75	0	68254	70054	0.974306
cid22	2471234.png	512	512	Photo	75	0	9972	10104	0.986936
cid22	262780.png	512	512	Photo	75	0	38388	40792	0.941067
cid22	3004909.png	512	512	Photo	75	0	31618	33928	0.931915
cid22	3363331.png	512	512	Photo	75	0	29578	34646	0.853720
cid22	3623285.png	512	512	Photo	75	0	27184	31068	0.874984
cid22	45258.png	512	512	Photo	75	0	25122	27762	0.904906
cid22	5212582.png	512	512	Photo	75	0	5374	5534	0.971088
cid22	60003.png	512	512	Photo	75	0	27428	31606	0.867810
cid22	7062197.png	512	512	Photo	75	0	32062	31912	1.004700
cid22	7394483.png	512	512	Photo	75	0	18776	20788	0.903213
cid22	EPICA Delta D Plot.png	512	512	Photo	75	0	26494	27030	0.980170
cid22	klepas-Gentle-giants-of-the-sea-3.png	512	512	Photo	75	0	29534	31958	0.924150
cid22	pexels-photo-1933873.png	512	512	Photo	75	0	33510	36252	0.924363
cid22	pexels-photo-3193731.png	512	512	Photo	75	0	32612	37262	0.875208
cid22	pexels-photo-4354221.png	512	512	Photo	75	0	36086	38084	0.947537
cid22	pexels-photo-7078290.png	512	512	Photo	75	0	42852	37230	1.151007
cid22	1001682.png	512	512	Photo	75	4	34542	34486	1.001624
cid22	1129482.png	512	512	Photo	75	4	8154	8186	0.996091
cid22	1287145.png	512	512	Photo	75	4	27912	27620	1.010572
cid22	1454804.png	512	512	Photo	75	4	9296	9190	1.011534
cid22	1570264.png	512	512	Photo	75	4	61608	60778	1.013656
cid22	162511.png	512	512	Photo	75	4	62364	61760	1.009780
cid22	1938351.png	512	512	Photo	75	4	11614	11606	1.000689
cid22	21169144185_3f7977cb5a_o.png	512	512	Photo	75	4	31122	31200	0.997500
cid22	225284.png	512	512	Photo	75	4	64892	64760	1.002038
cid22	2471234.png	512	512	Photo	75	4	8464	8450	1.001657
cid22	262780.png	512	512	Photo	75	4	36736	36738	0.999946
cid22	3004909.png	512	512	Photo	75	4	26404	26394	1.000379
cid22	3363331.png	512	512	Photo	75	4	26106	26078	1.001074
cid22	3623285.png	512	512	Photo	75	4	23076	22986	1.003915
cid22	45258.png	512	512	Photo	75	4	20812	20734	1.003762
cid22	5212582.png	512	512	Photo	75	4	4746	4478	1.059848
cid22	60003.png	512	512	Photo	75	4	22020	21758	1.012042
cid22	7062197.png	512	512	Photo	75	4	25992	25638	1.013808
cid22	7394483.png	512	512	Photo	75	4	14338	14360	0.998468
cid22	EPICA Delta D Plot.png	512	512	Photo	75	4	19594	19740	0.992604
cid22	klepas-Gentle-giants-of-the-sea-3.png	512	512	Photo	75	4	25528	25684	0.993926
cid22	pexels-photo-1933873.png	512	512	Photo	75	4	26142	26746	0.977417
cid22	pexels-photo-3193731.png	512	512	Photo	75	4	28336	28174	1.005750
cid22	pexels-photo-4354221.png	512	512	Photo	75	4	30450	30430	1.000657
cid22	pexels-photo-7078290.png	512	512	Photo	75	4	34750	33968	1.023022
cid22	1001682.png	512	512	Photo	75	6	32678	32908	0.993011
cid22	1129482.png	512	512	Photo	75	6	7802	7906	0.986845
cid22	1287145.png	512	512	Photo	75	6	25938	25758	1.006988
cid22	1454804.png	512	512	Photo	75	6	9050	8716	1.038320
cid22	1570264.png	512	512	Photo	75	6	55130	57184	0.964081
cid22	162511.png	512	512	Photo	75	6	58844	58716	1.002180
cid22	1938351.png	512	512	Photo	75	6	11172	11214	0.996255
cid22	21169144185_3f7977cb5a_o.png	512	512	Photo	75	6	30184	30382	0.993483
cid22	225284.png	512	512	Photo	75	6	60916	62098	0.980966
cid22	2471234.png	512	512	Photo	75	6	8554	8390	1.019547
cid22	262780.png	512	512	Photo	75	6	33140	33464	0.990318
cid22	3004909.png	512	512	Photo	75	6	25028	25308	0.988936
cid22	3363331.png	512	512	Photo	75	6	24206	24574	0.985025
cid22	3623285.png	512	512	Photo	75	6	21560	21510	1.002325
cid22	45258.png	512	512	Photo	75	6	20032	19806	1.011411
cid22	5212582.png	512	512	Photo	75	6	4800	4450	1.078652
cid22	60003.png	512	512	Photo	75	6	20782	20562	1.010699
cid22	7062197.png	512	512	Photo	75	6	24726	24682	1.001783
cid22	7394483.png	512	512	Photo	75	6	13750	13706	1.003210
cid22	EPICA Delta D Plot.png	512	512	Photo	75	6	19174	19310	0.992957
cid22	klepas-Gentle-giants-of-the-sea-3.png	512	512	Photo	75	6	24858	25080	0.991148
cid22	pexels-photo-1933873.png	512	512	Photo	75	6	24936	25332	0.984368
cid22	pexels-photo-3193731.png	512	512	Photo	75	6	26554	26428	1.004768
cid22	pexels-photo-4354221.png	512	512	Photo	75	6	28448	29100	0.977595
cid22	pexels-photo-7078290.png	512	512	Photo	75	6	31678	32056	0.988208
cid22	1001682.png	512	512	Photo	90	0	72854	99080	0.735305
cid22	1129482.png	512	512	Photo	90	0	16034	17406	0.921177
cid22	1287145.png	512	512	Photo	90	0	57254	75646	0.756868
cid22	1454804.png	512	512	Photo	90	0	25700	20482	1.254760
cid22	1570264.png	512	512	Photo	90	0	104216	97462	1.069299
cid22	162511.png	512	512	Photo	90	0	115620	109696	1.054004
cid22	1938351.png	512	512	Photo	90	0	37734	37342	1.010498
cid22	21169144185_3f7977cb5a_o.png	512	512	Photo	90	0	60808	56424	1.077697
cid22	225284.png	512	512	Photo	90	0	113396	116336	0.974728
cid22	2471234.png	512	512	Photo	90	0	22234	18990	1.170827
cid22	262780.png	512	512	Photo	90	0	83716	83344	1.004463
cid22	3004909.png	512	512	Photo	90	0	60134	57778	1.040777
cid22	3363331.png	512	512	Photo	90	0	60266	62158	0.969561
cid22	3623285.png	512	512	Photo	90	0	51280	51226	1.001054
cid22	45258.png	512	512	Photo	90	0	50024	50930	0.982211
cid22	5212582.png	512	512	Photo	90	0	12272	11954	1.026602
cid22	60003.png	512	512	Photo	90	0	55170	51736	1.066375
cid22	7062197.png	512	512	Photo	90	0	55590	50826	1.093732
cid22	7394483.png	512	512	Photo	90	0	37646	34466	1.092265
cid22	EPICA Delta D Plot.png	512	512	Photo	90	0	39496	35694	1.106517
cid22	klepas-Gentle-giants-of-the-sea-3.png	512	512	Photo	90	0	49748	49100	1.013198
cid22	pexels-photo-1933873.png	512	512	Photo	90	0	61598	58876	1.046233
cid22	pexels-photo-3193731.png	512	512	Photo	90	0	60148	62324	0.965086
cid22	pexels-photo-4354221.png	512	512	Photo	90	0	66064	64400	1.025839
cid22	pexels-photo-7078290.png	512	512	Photo	90	0	83502	73176	1.141112
cid22	1001682.png	512	512	Photo	90	4	69398	69734	0.995182
cid22	1129482.png	512	512	Photo	90	4	13756	13702	1.003941
cid22	1287145.png	512	512	Photo	90	4	56446	55914	1.009515
cid22	1454804.png	512	512	Photo	90	4	19194	19326	0.993170
cid22	1570264.png	512	512	Photo	90	4	102654	103860	0.988388
cid22	162511.png	512	512	Photo	90	4	108894	108474	1.003872
cid22	1938351.png	512	512	Photo	90	4	35042	34332	1.020680
cid22	21169144185_3f7977cb5a_o.png	512	512	Photo	90	4	53372	53218	1.002894
cid22	225284.png	512	512	Photo	90	4	109102	111888	0.975100
cid22	2471234.png	512	512	Photo	90	4	18836	18672	1.008783
cid22	262780.png	512	512	Photo	90	4	83036	80370	1.033172
cid22	3004909.png	512	512	Photo	90	4	53994	54104	0.997967
cid22	3363331.png	512	512	Photo	90	4	57094	56794	1.005282
cid22	3623285.png	512	512	Photo	90	4	47000	46310	1.014900
cid22	45258.png	512	512	Photo	90	4	45418	44658	1.017018
cid22	5212582.png	512	512	Photo	90	4	11854	10644	1.113679
cid22	60003.png	512	512	Photo	90	4	48316	47198	1.023687
cid22	7062197.png	512	512	Photo	90	4	47102	47142	0.999151
cid22	7394483.png	512	512	Photo	90	4	31234	30952	1.009111
cid22	EPICA Delta D Plot.png	512	512	Photo	90	4	30716	30934	0.992953
cid22	klepas-Gentle-giants-of-the-sea-3.png	512	512	Photo	90	4	43718	43288	1.009933
cid22	pexels-photo-1933873.png	512	512	Photo	90	4	53476	54066	0.989087
cid22	pexels-photo-3193731.png	512	512	Photo	90	4	56208	55654	1.009954
cid22	pexels-photo-4354221.png	512	512	Photo	90	4	60882	60466	1.006880
cid22	pexels-photo-7078290.png	512	512	Photo	90	4	72804	73376	0.992205
cid22	1001682.png	512	512	Photo	90	6	68042	68256	0.996865
cid22	1129482.png	512	512	Photo	90	6	13492	13404	1.006565
cid22	1287145.png	512	512	Photo	90	6	55264	54842	1.007695
cid22	1454804.png	512	512	Photo	90	6	18278	18616	0.981844
cid22	1570264.png	512	512	Photo	90	6	100696	102862	0.978943
cid22	162511.png	512	512	Photo	90	6	105424	105758	0.996842
cid22	1938351.png	512	512	Photo	90	6	31452	31776	0.989804
cid22	21169144185_3f7977cb5a_o.png	512	512	Photo	90	6	51440	51944	0.990297
cid22	225284.png	512	512	Photo	90	6	107034	111030	0.964010
cid22	2471234.png	512	512	Photo	90	6	17864	18104	0.986743
cid22	262780.png	512	512	Photo	90	6	79952	76904	1.039634
cid22	3004909.png	512	512	Photo	90	6	51774	52010	0.995462
cid22	3363331.png	512	512	Photo	90	6	54904	54756	1.002703
cid22	3623285.png	512	512	Photo	90	6	45394	44646	1.016754
cid22	45258.png	512	512	Photo	90	6	43328	42222	1.026195
cid22	5212582.png	512	512	Photo	90	6	11724	10480	1.118702
cid22	60003.png	512	512	Photo	90	6	46972	45522	1.031853
cid22	7062197.png	512	512	Photo	90	6	46194	45874	1.006976
cid22	7394483.png	512	512	Photo	90	6	29914	30044	0.995673
cid22	EPICA Delta D Plot.png	512	512	Photo	90	6	30010	30420	0.986522
cid22	klepas-Gentle-giants-of-the-sea-3.png	512	512	Photo	90	6	43066	42526	1.012698
cid22	pexels-photo-1933873.png	512	512	Photo	90	6	52598	52680	0.998443
cid22	pexels-photo-3193731.png	512	512	Photo	90	6	54302	54186	1.002141
cid22	pexels-photo-4354221.png	512	512	Photo	90	6	58954	58822	1.002244
cid22	pexels-photo-7078290.png	512	512	Photo	90	6	68482	69854	0.980359
cid22	1001682.png	512	512	Drawing	25	0	19136	27164	0.704462
cid22	1129482.png	512	512	Drawing	25	0	7252	8290	0.874789
cid22	1287145.png	512	512	Drawing	25	0	15330	20398	0.751544
cid22	1454804.png	512	512	Drawing	25	0	7422	7132	1.040662
cid22	1570264.png	512	512	Drawing	25	0	24542	25812	0.950798
cid22	162511.png	512	512	Drawing	25	0	37692	39576	0.952395
cid22	1938351.png	512	512	Drawing	25	0	6748	7808	0.864242
cid22	21169144185_3f7977cb5a_o.png	512	512	Drawing	25	0	23482	24696	0.950842
cid22	225284.png	512	512	Drawing	25	0	35010	38562	0.907889
cid22	2471234.png	512	512	Drawing	25	0	5316	5390	0.986271
cid22	262780.png	512	512	Drawing	25	0	16020	16526	0.969382
cid22	3004909.png	512	512	Drawing	25	0	17714	19508	0.908038
cid22	3363331.png	512	512	Drawing	25	0	14832	17046	0.870116
cid22	3623285.png	512	512	Drawing	25	0	14510	15574	0.931681
cid22	45258.png	512	512	Drawing	25	0	13436	15978	0.840906
cid22	5212582.png	512	512	Drawing	25	0	3070	3000	1.023333
cid22	60003.png	512	512	Drawing	25	0	14824	17266	0.858566
cid22	7062197.png	512	512	Drawing	25	0	18880	19552	0.965630
cid22	7394483.png	512	512	Drawing	25	0	10318	11126	0.927377
cid22	EPICA Delta D Plot.png	512	512	Drawing	25	0	18262	17998	1.014668
cid22	klepas-Gentle-giants-of-the-sea-3.png	512	512	Drawing	25	0	18816	19896	0.945718
cid22	pexels-photo-1933873.png	512	512	Drawing	25	0	17756	19234	0.923157
cid22	pexels-photo-3193731.png	512	512	Drawing	25	0	17506	20262	0.863982
cid22	pexels-photo-4354221.png	512	512	Drawing	25	0	19720	21842	0.902848
cid22	pexels-photo-7078290.png	512	512	Drawing	25	0	20220	17428	1.160202
cid22	1001682.png	512	512	Drawing	25	4	17638	17514	1.007080
cid22	1129482.png	512	512	Drawing	25	4	5676	5480	1.035766
cid22	1287145.png	512	512	Drawing	25	4	14236	14034	1.014394
cid22	1454804.png	512	512	Drawing	25	4	5318	5152	1.032220
cid22	1570264.png	512	512	Drawing	25	4	22724	22494	1.010225
cid22	162511.png	512	512	Drawing	25	4	31598	31740	0.995526
cid22	1938351.png	512	512	Drawing	25	4	5586	5508	1.014161
cid22	21169144185_3f7977cb5a_o.png	512	512	Drawing	25	4	19312	19228	1.004369
cid22	225284.png	512	512	Drawing	25	4	32006	31962	1.001377
cid22	2471234.png	512	512	Drawing	25	4	4706	4624	1.017734
cid22	262780.png	512	512	Drawing	25	4	14626	14684	0.996050
cid22	3004909.png	512	512	Drawing	25	4	14210	14214	0.999719
cid22	3363331.png	512	512	Drawing	25	4	12628	12496	1.010563
cid22	3623285.png	512	512	Drawing	25	4	11748	11634	1.009799
cid22	45258.png	512	512	Drawing	25	4	10792	10712	1.007468
cid22	5212582.png	512	512	Drawing	25	4	2582	2546	1.014140
cid22	60003.png	512	512	Drawing	25	4	11262	11188	1.006614
cid22	7062197.png	512	512	Drawing	25	4	14484	14466	1.001244
cid22	7394483.png	512	512	Drawing	25	4	7798	7674	1.016158
cid22	EPICA Delta D Plot.png	512	512	Drawing	25	4	13308	13246	1.004681
cid22	klepas-Gentle-giants-of-the-sea-3.png	512	512	Drawing	25	4	16074	16198	0.992345
cid22	pexels-photo-1933873.png	512	512	Drawing	25	4	13438	13594	0.988524
cid22	pexels-photo-3193731.png	512	512	Drawing	25	4	14422	14400	1.001528
cid22	pexels-photo-4354221.png	512	512	Drawing	25	4	15948	15828	1.007582
cid22	pexels-photo-7078290.png	512	512	Drawing	25	4	14560	14386	1.012095
cid22	1001682.png	512	512	Drawing	25	6	15910	16322	0.974758
cid22	1129482.png	512	512	Drawing	25	6	5350	5248	1.019436
cid22	1287145.png	512	512	Drawing	25	6	12866	12780	1.006729
cid22	1454804.png	512	512	Drawing	25	6	5090	4930	1.032454
cid22	1570264.png	512	512	Drawing	25	6	19378	20108	0.963696
cid22	162511.png	512	512	Drawing	25	6	29102	29674	0.980724
cid22	1938351.png	512	512	Drawing	25	6	5368	5326	1.007886
cid22	21169144185_3f7977cb5a_o.png	512	512	Drawing	25	6	18370	18424	0.997069
cid22	225284.png	512	512	Drawing	25	6	29182	29908	0.975726
cid22	2471234.png	512	512	Drawing	25	6	4672	4624	1.010381
cid22	262780.png	512	512	Drawing	25	6	13074	13420	0.974218
cid22	3004909.png	512	512	Drawing	25	6	13258	13460	0.984993
cid22	3363331.png	512	512	Drawing	25	6	11528	11556	0.997577
cid22	3623285.png	512	512	Drawing	25	6	10688	10682	1.000562
cid22	45258.png	512	512	Drawing	25	6	10222	10118	1.010279
cid22	5212582.png	512	512	Drawing	25	6	2596	2538	1.022853
cid22	60003.png	512	512	Drawing	25	6	10718	10586	1.012469
cid22	7062197.png	512	512	Drawing	25	6	13626	13748	0.991126
cid22	7394483.png	512	512	Drawing	25	6	7496	7354	1.019309
cid22	EPICA Delta D Plot.png	512	512	Drawing	25	6	12636	12650	0.998893
cid22	klepas-Gentle-giants-of-the-sea-3.png	512	512	Drawing	25	6	15280	15536	0.983522
cid22	pexels-photo-1933873.png	512	512	Drawing	25	6	12754	12824	0.994541
cid22	pexels-photo-3193731.png	512	512	Drawing	25	6	13540	13610	0.994857
cid22	pexels-photo-4354221.png	512	512	Drawing	25	6	15224	15088	1.009014
cid22	pexels-photo-7078290.png	512	512	Drawing	25	6	13430	13518	0.993490
cid22	1001682.png	512	512	Drawing	50	0	29356	42714	0.687269
cid22	1129482.png	512	512	Drawing	50	0	9518	10460	0.909943
cid22	1287145.png	512	512	Drawing	50	0	24114	32092	0.751402
cid22	1454804.png	512	512	Drawing	50	0	10402	10422	0.998081
cid22	1570264.png	512	512	Drawing	50	0	40020	42678	0.937720
cid22	162511.png	512	512	Drawing	50	0	52204	53284	0.979731
cid22	1938351.png	512	512	Drawing	50	0	10356	11524	0.898646
cid22	21169144185_3f7977cb5a_o.png	512	512	Drawing	50	0	32522	33094	0.982716
cid22	225284.png	512	512	Drawing	50	0	50800	53538	0.948859
cid22	2471234.png	512	512	Drawing	50	0	7528	7662	0.982511
cid22	262780.png	512	512	Drawing	50	0	25740	26942	0.955386
cid22	3004909.png	512	512	Drawing	50	0	25020	26448	0.946007
cid22	3363331.png	512	512	Drawing	50	0	22720	25382	0.895123
cid22	3623285.png	512	512	Drawing	50	0	21332	22836	0.934139
cid22	45258.png	512	512	Drawing	50	0	19768	22438	0.881005
cid22	5212582.png	512	512	Drawing	50	0	4246	4134	1.027092
cid22	60003.png	512	512	Drawing	50	0	21648	24178	0.895359
cid22	7062197.png	512	512	Drawing	50	0	26490	26786	0.988949
cid22	7394483.png	512	512	Drawing	50	0	15108	16050	0.941308
cid22	EPICA Delta D Plot.png	512	512	Drawing	50	0	23438	23154	1.012266
cid22	klepas-Gentle-giants-of-the-sea-3.png	512	512	Drawing	50	0	25522	25962	0.983052
cid22	pexels-photo-1933873.png	512	512	Drawing	50	0	25870	27234	0.949916
cid22	pexels-photo-3193731.png	512	512	Drawing	50	0	25818	28600	0.902727
cid22	pexels-photo-4354221.png	512	512	Drawing	50	0	28428	30048	0.946086
cid22	pexels-photo-7078290.png	512	512	Drawing	50	0	30124	25778	1.168593
cid22	1001682.png	512	512	Drawing	50	4	27522	27176	1.012732
cid22	1129482.png	512	512	Drawing	50	4	7580	7444	1.018270
cid22	1287145.png	512	512	Drawing	50	4	22652	22450	1.008998
cid22	1454804.png	512	512	Drawing	50	4	7246	7102	1.020276
cid22	1570264.png	512	512	Drawing	50	4	38662	37830	1.021993
cid22	162511.png	512	512	Drawing	50	4	45754	45618	1.002981
cid22	1938351.png	512	512	Drawing	50	4	8284	8312	0.996631
cid22	21169144185_3f7977cb5a_o.png	512	512	Drawing	50	4	27352	27174	1.006550
cid22	225284.png	512	512	Drawing	50	4	47646	47874	0.995237
cid22	2471234.png	512	512	Drawing	50	4	6390	6374	1.002510
cid22	262780.png	512	512	Drawing	50	4	24322	23752	1.023998
cid22	3004909.png	512	512	Drawing	50	4	20688	20486	1.009860
cid22	3363331.png	512	512	Drawing	50	4	19696	19602	1.004795
cid22	3623285.png	512	512	Drawing	50	4	17940	17638	1.017122
cid22	45258.png	512	512	Drawing	50	4	16092	15962	1.008144
cid22	5212582.png	512	512	Drawing	50	4	3554	3514	1.011383
cid22	60003.png	512	512	Drawing	50	4	16712	16536	1.010643
cid22	7062197.png	512	512	Drawing	50	4	20874	20746	1.006170
cid22	7394483.png	512	512	Drawing	50	4	11428	11298	1.011506
cid22	EPICA Delta D Plot.png	512	512	Drawing	50	4	17634	17426	1.011936
cid22	klepas-Gentle-giants-of-the-sea-3.png	512	512	Drawing	50	4	22116	21956	1.007287
cid22	pexels-photo-1933873.png	512	512	Drawing	50	4	20566	20578	0.999417
cid22	pexels-photo-3193731.png	512	512	Drawing	50	4	21950	21832	1.005405
cid22	pexels-photo-4354221.png	512	512	Drawing	50	4	23440	23404	1.001538
cid22	pexels-photo-7078290.png	512	512	Drawing	50	4	22712	22652	1.002649
cid22	1001682.png	512	512	Drawing	50	6	25032	25742	0.972419
cid22	1129482.png	512	512	Drawing	50	6	7188	7184	1.000557
cid22	1287145.png	512	512	Drawing	50	6	20472	20676	0.990133
cid22	1454804.png	512	512	Drawing	50	6	6948	6822	1.018470
cid22	1570264.png	512	512	Drawing	50	6	32914	34032	0.967149
cid22	162511.png	512	512	Drawing	50	6	42498	43094	0.986170
cid22	1938351.png	512	512	Drawing	50	6	7958	7870	1.011182
cid22	21169144185_3f7977cb5a_o.png	512	512	Drawing	50	6	26230	26206	1.000916
cid22	225284.png	512	512	Drawing	50	6	44124	45236	0.975418
cid22	2471234.png	512	512	Drawing	50	6	6372	6350	1.003465
cid22	262780.png	512	512	Drawing	50	6	21540	21900	0.983562
cid22	3004909.png	512	512	Drawing	50	6	19480	19454	1.001336
cid22	3363331.png	512	512	Drawing	50	6	18026	18204	0.990222
cid22	3623285.png	512	512	Drawing	50	6	16536	16458	1.004739
cid22	45258.png	512	512	Drawing	50	6	15244	15226	1.001182
cid22	5212582.png	512	512	Drawing	50	6	3510	3472	1.010945
cid22	60003.png	512	512	Drawing	50	6	15632	15556	1.004886
cid22	7062197.png	512	512	Drawing	50	6	20140	19920	1.011044
cid22	7394483.png	512	512	Drawing	50	6	10850	10782	1.006307
cid22	EPICA Delta D Plot.png	512	512	Drawing	50	6	17158	17020	1.008108
cid22	klepas-Gentle-giants-of-the-sea-3.png	512	512	Drawing	50	6	21376	21392	0.999252
cid22	pexels-photo-1933873.png	512	512	Drawing	50	6	18970	19234	0.986274
cid22	pexels-photo-3193731.png	512	512	Drawing	50	6	20534	20630	0.995347
cid22	pexels-photo-4354221.png	512	512	Drawing	50	6	22188	22246	0.997393
cid22	pexels-photo-7078290.png	512	512	Drawing	50	6	20600	21174	0.972891
cid22	1001682.png	512	512	Drawing	75	0	39720	59984	0.662177
cid22	1129482.png	512	512	Drawing	75	0	11206	12172	0.920638
cid22	1287145.png	512	512	Drawing	75	0	32160	44788	0.718049
cid22	1454804.png	512	512	Drawing	75	0	13832	13482	1.025961
cid22	1570264.png	512	512	Drawing	75	0	56090	56088	1.000036
cid22	162511.png	512	512	Drawing	75	0	67636	68936	0.981142
cid22	1938351.png	512	512	Drawing	75	0	14988	16696	0.897700
cid22	21169144185_3f7977cb5a_o.png	512	512	Drawing	75	0	40272	40800	0.987059
cid22	225284.png	512	512	Drawing	75	0	66484	69500	0.956604
cid22	2471234.png	512	512	Drawing	75	0	10314	10584	0.974490
cid22	262780.png	512	512	Drawing	75	0	37294	39274	0.949585
cid22	3004909.png	512	512	Drawing	75	0	32552	33724	0.965247
cid22	3363331.png	512	512	Drawing	75	0	30974	34956	0.886085
cid22	3623285.png	512	512	Drawing	75	0	28568	30582	0.934144
cid22	45258.png	512	512	Drawing	75	0	26372	28322	0.931149
cid22	5212582.png	512	512	Drawing	75	0	5610	5550	1.010811
cid22	60003.png	512	512	Drawing	75	0	28628	31686	0.903491
cid22	7062197.png	512	512	Drawing	75	0	34142	33080	1.032104
cid22	7394483.png	512	512	Drawing	75	0	20282	21298	0.952296
cid22	EPICA Delta D Plot.png	512	512	Drawing	75	0	27898	27804	1.003381
cid22	klepas-Gentle-giants-of-the-sea-3.png	512	512	Drawing	75	0	31542	32254	0.977925
cid22	pexels-photo-1933873.png	512	512	Drawing	75	0	33748	35344	0.954844
cid22	pexels-photo-3193731.png	512	512	Drawing	75	0	34174	37380	0.914232
cid22	pexels-photo-4354221.png	512	512	Drawing	75	0	37132	38882	0.954992
cid22	pexels-photo-7078290.png	512	512	Drawing	75	0	40862	36366	1.123632
cid22	1001682.png	512	512	Drawing	75	4	36972	37010	0.998973
cid22	1129482.png	512	512	Drawing	75	4	9210	9146	1.006998
cid22	1287145.png	512	512	Drawing	75	4	30694	30436	1.008477
cid22	1454804.png	512	512	Drawing	75	4	9706	9570	1.014211
cid22	1570264.png	512	512	Drawing	75	4	55378	54260	1.020604
cid22	162511.png	512	512	Drawing	75	4	60664	60734	0.998847
cid22	1938351.png	512	512	Drawing	75	4	12228	12188	1.003282
cid22	21169144185_3f7977cb5a_o.png	512	512	Drawing	75	4	34308	34102	1.006041
cid22	225284.png	512	512	Drawing	75	4	63006	63404	0.993723
cid22	2471234.png	512	512	Drawing	75	4	8684	8580	1.012121
cid22	262780.png	512	512	Drawing	75	4	35344	35418	0.997911
cid22	3004909.png	512	512	Drawing	75	4	27540	27368	1.006285
cid22	3363331.png	512	512	Drawing	75	4	27588	27498	1.003273
cid22	3623285.png	512	512	Drawing	75	4	24398	24208	1.007849
cid22	45258.png	512	512	Drawing	75	4	22034	21932	1.004651
cid22	5212582.png	512	512	Drawing	75	4	4732	4602	1.028249
cid22	60003.png	512	512	Drawing	75	4	22850	22682	1.007407
cid22	7062197.png	512	512	Drawing	75	4	27830	27578	1.009138
cid22	7394483.png	512	512	Drawing	75	4	15604	15498	1.006840
cid22	EPICA Delta D Plot.png	512	512	Drawing	75	4	21446	21246	1.009414
cid22	klepas-Gentle-giants-of-the-sea-3.png	512	512	Drawing	75	4	27752	27600	1.005507
cid22	pexels-photo-1933873.png	512	512	Drawing	75	4	27564	27462	1.003714
cid22	pexels-photo-3193731.png	512	512	Drawing	75	4	29972	29686	1.009634
cid22	pexels-photo-4354221.png	512	512	Drawing	75	4	31450	31454	0.999873
cid22	pexels-photo-7078290.png	512	512	Drawing	75	4	32408	32254	1.004775
cid22	1001682.png	512	512	Drawing	75	6	34904	35182	0.992098
cid22	1129482.png	512	512	Drawing	75	6	8808	8840	0.996380
cid22	1287145.png	512	512	Drawing	75	6	28306	28578	0.990482
cid22	1454804.png	512	512	Drawing	75	6	9252	9128	1.013585
cid22	1570264.png	512	512	Drawing	75	6	49024	50114	0.978250
cid22	162511.png	512	512	Drawing	75	6	57432	57802	0.993599
cid22	1938351.png	512	512	Drawing	75	6	11478	11504	0.997740
cid22	21169144185_3f7977cb5a_o.png	512	512	Drawing	75	6	33210	33172	1.001146
cid22	225284.png	512	512	Drawing	75	6	59154	60718	0.974242
cid22	2471234.png	512	512	Drawing	75	6	8700	8486	1.025218
cid22	262780.png	512	512	Drawing	75	6	31774	32946	0.964427
cid22	3004909.png	512	512	Drawing	75	6	26170	26238	0.997408
cid22	3363331.png	512	512	Drawing	75	6	25830	25686	1.005606
cid22	3623285.png	512	512	Drawing	75	6	22866	22762	1.004569
cid22	45258.png	512	512	Drawing	75	6	21008	20922	1.004111
cid22	5212582.png	512	512	Drawing	75	6	4616	4550	1.014505
cid22	60003.png	512	512	Drawing	75	6	21512	21608	0.995557
cid22	7062197.png	512	512	Drawing	75	6	26730	26674	1.002099
cid22	7394483.png	512	512	Drawing	75	6	14910	14792	1.007977
cid22	EPICA Delta D Plot.png	512	512	Drawing	75	6	20862	20728	1.006465
cid22	klepas-Gentle-giants-of-the-sea-3.png	512	512	Drawing	75	6	27088	27096	0.999705
cid22	pexels-photo-1933873.png	512	512	Drawing	75	6	25906	26160	0.990291
cid22	pexels-photo-3193731.png	512	512	Drawing	75	6	28104	28130	0.999076
cid22	pexels-photo-4354221.png	512	512	Drawing	75	6	30092	30140	0.998407
cid22	pexels-photo-7078290.png	512	512	Drawing	75	6	29698	30230	0.982402
cid22	1001682.png	512	512	Drawing	90	0	72994	98190	0.743395
cid22	1129482.png	512	512	Drawing	90	0	17192	15988	1.075306
cid22	1287145.png	512	512	Drawing	90	0	56834	73970	0.768339
cid22	1454804.png	512	512	Drawing	90	0	26110	20480	1.274902
cid22	1570264.png	512	512	Drawing	90	0	97498	95358	1.022442
cid22	162511.png	512	512	Drawing	90	0	112282	110472	1.016384
cid22	1938351.png	512	512	Drawing	90	0	36394	35992	1.011169
cid22	21169144185_3f7977cb5a_o.png	512	512	Drawing	90	0	63560	60120	1.057219
cid22	225284.png	512	512	Drawing	90	0	111076	115068	0.965307
cid22	2471234.png	512	512	Drawing	90	0	22818	20322	1.122823
cid22	262780.png	512	512	Drawing	90	0	75954	80224	0.946774
cid22	3004909.png	512	512	Drawing	90	0	58108	57012	1.019224
cid22	3363331.png	512	512	Drawing	90	0	58762	61214	0.959944
cid22	3623285.png	512	512	Drawing	90	0	51148	50504	1.012751
cid22	45258.png	512	512	Drawing	90	0	49692	51262	0.969373
cid22	5212582.png	512	512	Drawing	90	0	11818	11196	1.055556
cid22	60003.png	512	512	Drawing	90	0	53428	51294	1.041603
cid22	7062197.png	512	512	Drawing	90	0	57234	52554	1.089051
cid22	7394483.png	512	512	Drawing	90	0	38094	35066	1.086351
cid22	EPICA Delta D Plot.png	512	512	Drawing	90	0	40672	36070	1.127585
cid22	klepas-Gentle-giants-of-the-sea-3.png	512	512	Drawing	90	0	50372	49382	1.020048
cid22	pexels-photo-1933873.png	512	512	Drawing	90	0	60508	56898	1.063447
cid22	pexels-photo-3193731.png	512	512	Drawing	90	0	62040	63828	0.971987
cid22	pexels-photo-4354221.png	512	512	Drawing	90	0	67148	65494	1.025254
cid22	pexels-photo-7078290.png	512	512	Drawing	90	0	77328	71054	1.088299
cid22	1001682.png	512	512	Drawing	90	4	69988	70166	0.997463
cid22	1129482.png	512	512	Drawing	90	4	14802	14802	1.000000
cid22	1287145.png	512	512	Drawing	90	4	55540	55396	1.002599
cid22	1454804.png	512	512	Drawing	90	4	19770	19536	1.011978
cid22	1570264.png	512	512	Drawing	90	4	96890	97312	0.995663
cid22	162511.png	512	512	Drawing	90	4	106480	105470	1.009576
cid22	1938351.png	512	512	Drawing	90	4	32796	32416	1.011723
cid22	21169144185_3f7977cb5a_o.png	512	512	Drawing	90	4	56338	55948	1.006971
cid22	225284.png	512	512	Drawing	90	4	107844	109030	0.989122
cid22	2471234.png	512	512	Drawing	90	4	19482	19074	1.021390
cid22	262780.png	512	512	Drawing	90	4	74522	75076	0.992621
cid22	3004909.png	512	512	Drawing	90	4	52592	52270	1.006160
cid22	3363331.png	512	512	Drawing	90	4	54904	54808	1.001752
cid22	3623285.png	512	512	Drawing	90	4	46396	46366	1.000647
cid22	45258.png	512	512	Drawing	90	4	44926	44564	1.008123
cid22	5212582.png	512	512	Drawing	90	4	9748	10090	0.966105
cid22	60003.png	512	512	Drawing	90	4	46572	46150	1.009144
cid22	7062197.png	512	512	Drawing	90	4	49030	49026	1.000082
cid22	7394483.png	512	512	Drawing	90	4	31474	31372	1.003251
cid22	EPICA Delta D Plot.png	512	512	Drawing	90	4	32370	32198	1.005342
cid22	klepas-Gentle-giants-of-the-sea-3.png	512	512	Drawing	90	4	44504	44580	0.998295
cid22	pexels-photo-1933873.png	512	512	Drawing	90	4	52452	52822	0.992995
cid22	pexels-photo-3193731.png	512	512	Drawing	90	4	57288	57046	1.004242
cid22	pexels-photo-4354221.png	512	512	Drawing	90	4	61216	61040	1.002883
cid22	pexels-photo-7078290.png	512	512	Drawing	90	4	67738	67916	0.997379
cid22	1001682.png	512	512	Drawing	90	6	68112	68628	0.992481
cid22	1129482.png	512	512	Drawing	90	6	14688	14574	1.007822
cid22	1287145.png	512	512	Drawing	90	6	54414	54416	0.999963
cid22	1454804.png	512	512	Drawing	90	6	18664	18442	1.012038
cid22	1570264.png	512	512	Drawing	90	6	94720	96238	0.984227
cid22	162511.png	512	512	Drawing	90	6	103510	103356	1.001490
cid22	1938351.png	512	512	Drawing	90	6	29040	28884	1.005401
cid22	21169144185_3f7977cb5a_o.png	512	512	Drawing	90	6	55252	54998	1.004618
cid22	225284.png	512	512	Drawing	90	6	105320	107358	0.981017
cid22	2471234.png	512	512	Drawing	90	6	18506	18158	1.019165
cid22	262780.png	512	512	Drawing	90	6	69984	71420	0.979894
cid22	3004909.png	512	512	Drawing	90	6	50038	50070	0.999361
cid22	3363331.png	512	512	Drawing	90	6	52364	52490	0.997600
cid22	3623285.png	512	512	Drawing	90	6	44560	44836	0.993844
cid22	45258.png	512	512	Drawing	90	6	42934	42448	1.011449
cid22	5212582.png	512	512	Drawing	90	6	9824	9952	0.987138
cid22	60003.png	512	512	Drawing	90	6	44580	44348	1.005231
cid22	7062197.png	512	512	Drawing	90	6	47758	47976	0.995456
cid22	7394483.png	512	512	Drawing	90	6	30268	30202	1.002185
cid22	EPICA Delta D Plot.png	512	512	Drawing	90	6	31904	31734	1.005357
cid22	klepas-Gentle-giants-of-the-sea-3.png	512	512	Drawing	90	6	43696	43960	0.993995
cid22	pexels-photo-1933873.png	512	512	Drawing	90	6	50890	51370	0.990656
cid22	pexels-photo-3193731.png	512	512	Drawing	90	6	55504	55544	0.999280
cid22	pexels-photo-4354221.png	512	512	Drawing	90	6	59310	59094	1.003655
cid22	pexels-photo-7078290.png	512	512	Drawing	90	6	64066	64702	0.990170
